Date,humidity,pressure,temperature,wind_direction,wind_speed,rain_prob,label
10/1/2012,56.27272727,1012,288.5694199,261.3636364,6.363636364,0,0
10/2/2012,50.95,1012,290.3983667,264.5,5.55,0,0
10/3/2012,68.54166667,1015.541667,290.065625,118.9166667,2.416666667,0.1875,1
10/4/2012,94.54545455,1016.772727,291.9936364,56.36363636,2.045454545,0.136363636,1
10/5/2012,93.04166667,1019.25,294.0435417,49.58333333,1.375,0.270833333,1
10/6/2012,71,1016.869565,293.1004348,192.173913,1.739130435,0,0
10/7/2012,66.45833333,1011.125,292.0266667,209.1666667,4.541666667,0.010416667,0
10/8/2012,62.7826087,1017,283.6404348,234.7826087,3.043478261,0.315217391,1
10/9/2012,72.3,1021.65,281.79775,265.5,3.45,0.25,1
10/10/2012,76.2,1022.2,284.5325,39.35,3.85,0.3,1
10/11/2012,85.04166667,1013.375,287.9572917,98.625,4.541666667,0.145833333,1
10/12/2012,48.45,1017.8,284.8155,281.5,5.9,0.0125,0
10/13/2012,58.54545455,1019.772727,283.5640909,243.7272727,4.818181818,0.102272727,1
10/14/2012,46.27272727,1031.045455,279.3704545,137.2727273,2.818181818,0,0
10/15/2012,61.8,1023.1,286.379,210,5.2,0.0625,0
10/16/2012,73.73913043,1009.695652,291.0973913,197.826087,4.217391304,0.239130435,1
10/17/2012,64.17647059,1006.352941,286.1523529,301.7647059,5.941176471,0.088235294,1
10/18/2012,56.42857143,1014.190476,282.6719048,221.4285714,2.380952381,0.011904762,0
10/19/2012,70.25,1016.125,284.6779167,100.4166667,2.416666667,0.010416667,0
10/20/2012,88.16666667,1010.416667,290.9679167,140.4166667,4.958333333,0.583333333,1
10/21/2012,85.625,1005.916667,289.3941667,129.0833333,2.916666667,0,0
10/22/2012,53.77272727,1012.318182,285.9663636,283.8181818,5.045454545,0.045454545,1
10/23/2012,50.31818182,1017.318182,286.5418182,292.7272727,5.272727273,0,0
10/24/2012,61.69565217,1018.73913,286.0908696,159.1304348,1.739130435,0.119565217,1
10/25/2012,86.16666667,1019.875,287.2333333,47.70833333,3.291666667,0.197916667,1
10/26/2012,76.59090909,1023.545455,287.515,77.27272727,2.681818182,0.147727273,1
10/27/2012,73.66666667,1022.708333,289.09,91.66666667,1.541666667,0.1875,0
10/28/2012,75.5,1017.125,289.88375,80.41666667,3.166666667,0.177083333,0
10/29/2012,71.91666667,1010.916667,287.4695833,47.5,7.625,0.229166667,1
10/30/2012,79.33333333,990.5416667,286.7804167,37.08333333,12.375,0.427083333,1
10/31/2012,75.59090909,988.0909091,286.1863636,168.6363636,12.18181818,0.818181818,1
11/1/2012,62.25,999.25,282.36375,234.5833333,4.041666667,0.333333333,1
11/2/2012,65.81818182,1001.681818,281.2068182,260,4.636363636,0.068181818,0
11/3/2012,63.25,1003.4,282.2925,285.5,5.2,0.15,0
11/4/2012,64.19047619,1009.095238,280.29,305.4761905,7.238095238,0.083333333,0
11/5/2012,65.8125,1013.75,279.43625,304.5,6.1875,0,0
11/6/2012,68.94736842,1013.578947,278.9863158,329,4.684210526,0,0
11/7/2012,48.19047619,1022.380952,274.5004762,93.33333333,4.142857143,0,0
11/8/2012,69.125,1014.958333,275.5833333,122.9166667,6.75,0.21875,1
11/9/2012,72.1875,1008.0625,276.568125,320,7.6875,0.171875,1
11/10/2012,51.33333333,1015.047619,278.9938095,321.4285714,6.714285714,0,0
11/11/2012,62.10526316,1024.578947,280.8705263,220.5263158,2.473684211,0.052631579,0
11/12/2012,75.47368421,1020.315789,284.9352632,175.3157895,2.842105263,0.026315789,0
11/13/2012,90.4,1030.5,284.034,131,2.55,0,0
11/14/2012,83.31818182,1024.318182,283.8786364,254.0909091,4.636363636,0.340909091,1
11/15/2012,55.61904762,1031.809524,277.902381,142.3809524,4.476190476,0.023809524,0
11/16/2012,66.77272727,1015.590909,278.6613636,42.63636364,4.181818182,0.045454545,0
11/17/2012,59.13043478,1020.217391,279.0252174,180.0434783,3.391304348,0.184782609,0
11/18/2012,52.94736842,1032.526316,276.8363158,45.26315789,2.894736842,0,0
11/19/2012,64.0952381,1037.285714,278.3285714,36.19047619,3.571428571,0,0
11/20/2012,72.08333333,1032.458333,278.25875,46.66666667,3.75,0.010416667,0
11/21/2012,67.95238095,1023.095238,277.5261905,67.14285714,2.333333333,0.047619048,0
11/22/2012,59,1021.772727,279.4136364,57.27272727,2.5,0.011363636,0
11/23/2012,67.59090909,1023.772727,278.8413636,62.72727273,2.318181818,0,0
11/24/2012,83.14285714,1017.333333,278.0428571,95.71428571,1.285714286,0,0
11/25/2012,52.43478261,1006.521739,279.7295652,278.2608696,7.608695652,0.054347826,1
11/26/2012,46.33333333,1011.761905,275.5685714,290.4761905,6.80952381,0,0
11/27/2012,43.43478261,1017.043478,277.2895652,251.3043478,4.956521739,0.02173913,0
11/28/2012,67.04166667,1024.25,274.8679167,67.91666667,2.625,0.052083333,0
11/29/2012,71.18181818,1022.909091,275.5381818,251.8181818,4.181818182,0.102272727,1
11/30/2012,66.09090909,1017.681818,275.9918182,270.5454545,5.045454545,0,0
12/1/2012,54.52173913,1027.695652,276.1495652,131.7391304,3.347826087,0.054347826,0
12/2/2012,83.11764706,1029.117647,277.3058824,52.58823529,6.058823529,0.323529412,1
12/3/2012,91.58333333,1027.375,278.99,98.33333333,2.625,0,0
12/4/2012,76.125,1021.125,284.0008333,224.5833333,2.708333333,0.020833333,1
12/5/2012,88.70833333,1023.791667,283.278125,85.41666667,2.291666667,0.072916667,1
12/6/2012,74.31818182,1016.181818,284.0895455,250,5.272727273,0.136363636,1
12/7/2012,48.77272727,1025.272727,275.2952727,212.8181818,4.545454545,0,0
12/8/2012,64.56521739,1023,274.0952174,151.3043478,2,0.130434783,1
12/9/2012,88.66666667,1013.125,282.12125,233.375,1.583333333,0.791666667,1
12/10/2012,79.95833333,1019.916667,280.4045833,137.9166667,3.083333333,0.395833333,1
12/11/2012,93.79166667,1010.666667,282.3791667,107.0833333,2.708333333,0.291666667,1
12/12/2012,76.52631579,1006.421053,282.3678947,278.1052632,4,0.315789474,1
12/13/2012,47.5,1026.136364,276.8877273,319.0909091,3.136363636,0.011363636,0
12/14/2012,49.56521739,1029.782609,276.1069565,73.04347826,1.913043478,0.032608696,0
12/15/2012,51.875,1024.875,275.5858333,192.5,2.875,0,0
12/16/2012,55.08333333,1024.5,276.4233333,154.5833333,2.541666667,0,0
12/17/2012,74.39130435,1019.956522,279.6334783,83.47826087,4.260869565,0.326086957,1
12/18/2012,87.95833333,1012.041667,278.65125,50.83333333,6.208333333,0.375,1
12/19/2012,84.45833333,1001.041667,281.5066667,148.75,4.541666667,0.34375,1
12/20/2012,55.68421053,1006.263158,279.7921053,301.0526316,8.578947368,0,0
12/21/2012,55.7826087,1020.26087,276.3671739,176.9565217,3.652173913,0.043478261,0
12/22/2012,73.65217391,998.1304348,281.3691304,161.3043478,8.565217391,0.543478261,1
12/23/2012,57.16666667,997.7916667,276.05375,272.2916667,8.25,0.177083333,1
12/24/2012,45.54166667,1011.5,276.47875,276.25,6.291666667,0.020833333,0
12/25/2012,46.77272727,1016.227273,273.995,240.9090909,2.727272727,0.068181818,0
12/26/2012,80.3,1016.1,275.3835,199.5,3.95,0.275,1
12/27/2012,71.45,1021.75,272.95925,67,6.25,0.1125,1
12/28/2012,81,998.4782609,276.123913,162.3913043,10.73913043,0.467391304,1
12/29/2012,57.75,1015.166667,274.8875,310,7,0.041666667,0
12/30/2012,73.93333333,1011.133333,272.6876667,190.6666667,4,0.083333333,0
12/31/2012,59.75,1009,273.22125,310.9375,9.0625,0,0
1/1/2013,49.9,1019.75,272.961,270,6.05,0.0375,0
1/2/2013,53.70833333,1012.166667,276.3520833,268.75,6.416666667,0.25,1
1/3/2013,58.04761905,1015.714286,270.4595238,315.1428571,5.904761905,0.107142857,0
1/4/2013,55,1021.095238,270.8519048,296.6666667,4.476190476,0,0
1/5/2013,52.26086957,1018.782609,274.0540217,263.7826087,6.173913043,0.097826087,0
1/6/2013,46.34782609,1020.347826,275.426087,278.2608696,5.086956522,0.010869565,0
1/7/2013,56.625,1020.125,275.76375,223.75,3.041666667,0.041666667,0
1/8/2013,51.70833333,1022.416667,277.3474722,262.25,4.583333333,0.03125,0
1/9/2013,54.9,1028.7,275.875,183.5,3.25,0,0
1/10/2013,60.42857143,1032.333333,277.3238714,206.1904762,3.095238095,0.023809524,0
1/11/2013,47.33333333,1028.541667,279.8356042,296.4583333,6,0,0
1/12/2013,64.29166667,1030.375,276.642,81.66666667,2.875,0.302083333,1
1/13/2013,93.70833333,1020.875,279.8026458,72.25,2.75,0.28125,1
1/14/2013,92.70833333,1020.458333,280.4389583,131.5,2.125,0.0625,1
1/15/2013,84.08333333,1017.416667,283.1960417,234.7916667,2.625,0.125,1
1/16/2013,63.56521739,1025.26087,276.8619565,237.6086957,3.434782609,0.336956522,1
1/17/2013,77.53333333,1016.333333,275.726,116.1333333,3.266666667,0.5,1
1/18/2013,63.40909091,1015.454545,276.8702273,285,4.318181818,0.068181818,0
1/19/2013,46.60869565,1024.391304,272.6565217,253.4782609,4.739130435,0.097826087,0
1/20/2013,48.29166667,1028.25,274.4489583,217.125,5.583333333,0.010416667,0
1/21/2013,43.875,1010.5,279.8078333,239.2916667,6.375,0,0
1/22/2013,45.4,1021.15,272.0815,273.9,3.75,0.05,0
1/23/2013,50.9,1018.55,267.5965,294.7,7.95,0.0125,0
1/24/2013,42.95833333,1022.75,263.505625,301.25,6.583333333,0,0
1/25/2013,44.17391304,1022.782609,264.1447826,304.6956522,5.173913043,0.02173913,0
1/26/2013,58.95833333,1030.5,265.187,274.75,5.333333333,0.052083333,0
1/27/2013,69.41666667,1025.791667,266.3545903,321.4583333,5.166666667,0,0
1/28/2013,52.20833333,1030.583333,268.7471389,301.9583333,5.625,0.041666667,1
1/29/2013,84.20833333,1032.333333,276.1785174,231.125,1.833333333,0.0625,1
1/30/2013,87.77272727,1023,277.1889773,116.7727273,3.045454545,0.363636364,1
1/31/2013,95.95833333,1015.375,279.7229167,76.66666667,3.666666667,0.125,1
2/1/2013,69.125,1008.625,279.7333333,255.4166667,9.583333333,0.09375,0
2/2/2013,44.05,1013.45,271.877,286.7,8.05,0.075,0
2/3/2013,45.47826087,1025,269.2652174,254.0869565,5.086956522,0.02173913,0
2/4/2013,69.375,1014.416667,269.8270833,151.6666667,2.5,0.03125,0
2/5/2013,48.625,1012.083333,270.1410417,281.0416667,6.791666667,0.03125,0
2/6/2013,69,1014.208333,270.961875,113.125,3.625,0.072916667,0
2/7/2013,66.9,1016.55,273.81725,183.25,4,0.0375,0
2/8/2013,36.59090909,1030.045455,271.3215909,165.6818182,3.863636364,0.102272727,0
2/9/2013,73.40909091,1018.727273,273.3845455,54.54545455,7.136363636,0.113636364,0
2/10/2013,70.14285714,1011.238095,271.4142857,296.4285714,7.523809524,0.011904762,0
2/11/2013,49.81818182,1032.090909,270.3443182,261.5454545,3.681818182,0,0
2/12/2013,83.31818182,1018.227273,274.5004091,106.6818182,1.5,0.25,1
2/13/2013,64.375,1009.083333,277.7008542,233.6666667,5.083333333,0.010416667,0
2/14/2013,51.66666667,1011.875,275.0425,186.0416667,2.666666667,0.020833333,0
2/15/2013,63.95833333,1010.458333,276.2308333,224.5833333,3.375,0.09375,1
2/16/2013,62.59090909,1015.318182,278.1886364,204.5454545,3.545454545,0.011363636,0
2/17/2013,63.26086957,1013.173913,276.388913,171.7391304,3.826086957,0.25,1
2/18/2013,40.47619048,1006.333333,271.6042857,297.1428571,9.333333333,0.095238095,0
2/19/2013,40.375,1019.333333,268.5672917,295.2083333,9,0,0
2/20/2013,52.17391304,1017.26087,274.758913,196.5652174,3.739130435,0.076086957,1
2/21/2013,56.38461538,1006.923077,275.6976923,270,6.923076923,0.115384615,1
2/22/2013,45.28571429,1015.857143,271.2414286,300.952381,8.476190476,0.011904762,0
2/23/2013,59.59090909,1026.409091,271.3118182,142.7272727,4.454545455,0.056818182,0
2/24/2013,85.28571429,1020.857143,276.2147619,71.9047619,3.857142857,0.380952381,1
2/25/2013,81,1010.272727,276.7760379,235.9090909,5.5,0.125,1
2/26/2013,55.5,1018.208333,275.7603333,289.9583333,4.583333333,0,0
2/27/2013,64.27777778,1023.222222,275.8550278,91.83333333,3.444444444,0.138888889,1
2/28/2013,86.60869565,1008.304348,278.425413,112.826087,6.304347826,0.510869565,1
3/1/2013,62.47826087,1002.173913,279.4254348,237.6086957,3,0.260869565,1
3/2/2013,59.83333333,1003.75,277.483125,315.2083333,4.916666667,0.114583333,0
3/3/2013,56.16666667,1007.333333,275.6852083,321.6666667,5.458333333,0.177083333,0
3/4/2013,54.05263158,1006,273.8031579,312.8947368,5.578947368,0.065789474,1
3/5/2013,51.09090909,1008.090909,273.7379545,311.3636364,7.818181818,0.022727273,0
3/6/2013,59.17391304,1017.043478,275.9807152,190.9565217,5.652173913,0.195652174,1
3/7/2013,57.71428571,1015.142857,277.2197619,80.80952381,7,0.392857143,1
3/8/2013,68.66666667,1016.166667,275.8059792,139.4583333,7.958333333,0.385416667,1
3/9/2013,78.6,1020.4,274.38355,338.3,5.95,0.4,1
3/10/2013,46.42857143,1025.52381,278.5508095,287.5238095,4.904761905,0,0
3/11/2013,71.84615385,1027.769231,276.0691538,50.69230769,1.384615385,0,0
3/12/2013,79.09090909,1025.909091,279.6853561,144.9090909,2.636363636,0.261363636,1
3/13/2013,89.375,1016,282.1946181,186.5,4.708333333,0.34375,1
3/14/2013,57.9375,1011.5,279.3225625,277.75,3.5625,0,0
3/15/2013,46.52380952,1015.190476,274.6357857,293.9047619,6.904761905,0.023809524,0
3/16/2013,35.53333333,1014.933333,275.0350667,279.8,4.133333333,0.033333333,0
3/17/2013,53.63157895,1015.736842,275.7448947,186.3157895,1.631578947,0.026315789,0
3/18/2013,51.27272727,1025.227273,273.6386061,219.3181818,1.5,0.068181818,0
3/19/2013,46.36363636,1031.227273,272.93525,131.4545455,1.727272727,0.147727273,1
3/20/2013,85,1012.315789,275.4176316,148.8947368,4.421052632,0.210526316,1
3/21/2013,42.72727273,1018.045455,276.8036364,275.0909091,2.590909091,0,0
3/22/2013,38.39130435,1015.869565,275.0278261,298.2608696,1.52173913,0.173913043,0
3/23/2013,39.54545455,1015.454545,274.3127273,278.1363636,2.454545455,0.022727273,0
3/24/2013,41.09090909,1017.818182,276.3559091,291.3181818,3.590909091,0.034090909,0
3/25/2013,49.11111111,1012,276.3588889,221.2222222,3.222222222,0.027777778,0
3/26/2013,68.77777778,1003.111111,276.6016667,72.38888889,3.166666667,0.194444444,1
3/27/2013,63.4375,1005.3125,278.3590313,235.6875,2.5625,0.109375,1
3/28/2013,54.85714286,1011.857143,277.6564286,291.7142857,2.714285714,0,0
3/29/2013,63.66666667,1015.6,278.51,255.0666667,2.866666667,0.033333333,0
3/30/2013,52.35,1019.3,280.9775,223.15,2.8,0.0125,0
3/31/2013,58.33333333,1020.555556,280.6266667,174.8888889,1.666666667,0,0
4/1/2013,63.76470588,1016.705882,280.6073431,102.2941176,2.705882353,0.397058824,1
4/2/2013,74.63636364,1005.272727,282.7143182,213.4090909,4.818181818,0.159090909,1
4/3/2013,34.65,1014,276.652,306,6.95,0,0
4/4/2013,30,1019.590909,276.8663636,295.9090909,7,0,0
4/5/2013,38.45833333,1025.416667,277.6358333,214.5833333,4.791666667,0.010416667,0
4/6/2013,41.52173913,1014.347826,281.8412174,211.8695652,3.869565217,0.163043478,1
4/7/2013,30.95652174,1021.130435,279.5230435,268.6956522,5.47826087,0,0
4/8/2013,54.90909091,1023.454545,280.4868182,185.4545455,5.409090909,0.090909091,1
4/9/2013,63.86956522,1016.608696,286.6469565,147.3478261,3.043478261,0,0
4/10/2013,55.71428571,1014.52381,290.8733333,170.4761905,3.476190476,0.130952381,1
4/11/2013,52.33333333,1012.791667,291.23375,85.83333333,3.5,0.052083333,1
4/12/2013,77.79166667,1012.583333,286.86875,127.2916667,3.041666667,0.28125,1
4/13/2013,78.29166667,1012.958333,279.8525,69.58333333,7.333333333,0.333333333,1
4/14/2013,69,1010.043478,281.0469565,173.9130435,3.565217391,0.152173913,1
4/15/2013,51.7826087,1016.391304,283.9291304,220.8695652,3.782608696,0.119565217,1
4/16/2013,44.90909091,1025.409091,282.5322727,74.54545455,3.363636364,0.079545455,0
4/17/2013,68.04545455,1026.636364,285.4299318,135.9545455,4.909090909,0.102272727,1
4/18/2013,61.45454545,1021.5,289.5327273,175,3.363636364,0.181818182,1
4/19/2013,55.20833333,1025.75,285.3508333,132.5,3.75,0.21875,1
4/20/2013,82.20833333,1014.166667,289.0120833,167.0833333,4.958333333,0.052083333,0
4/21/2013,53.04545455,1010.863636,286.2572727,248.1818182,6.454545455,0.352272727,1
4/22/2013,35.54166667,1030.708333,280.9066667,247.9166667,4.958333333,0,0
4/23/2013,49.5,1036.6,280.819,105,4.7,0,0
4/24/2013,62.375,1027.9375,280.79625,52.5,5.625,0.1875,1
4/25/2013,63.41666667,1016.666667,284.5416667,207.5,4.166666667,0.020833333,0
4/26/2013,48.375,1017.958333,286.5548333,242.5833333,5.208333333,0.104166667,1
4/27/2013,36.2173913,1026.304348,285.9621739,187.3913043,2.782608696,0,0
4/28/2013,32.45454545,1028.545455,286.7581818,66.81818182,2.5,0,0
4/29/2013,37.04545455,1025.272727,287.4777273,146.8181818,3.5,0.011363636,0
4/30/2013,64.52173913,1023.304348,285.7591304,145.2173913,3.608695652,0.565217391,1
5/1/2013,56.79166667,1024.541667,286.8797917,100.2083333,3.833333333,0.125,1
5/2/2013,44.59090909,1029.318182,285.8613636,70,3.272727273,0,0
5/3/2013,55.33333333,1030.291667,286.8408333,90.83333333,2.041666667,0,0
5/4/2013,49.7826087,1029.347826,286.9695652,95.2173913,4.304347826,0,0
5/5/2013,59.30434783,1026.478261,285.3573913,136.5217391,3.434782609,0,0
5/6/2013,58.33333333,1025.041667,283.7441667,91.66666667,4.416666667,0,0
5/7/2013,67.125,1023.5,285.13625,93.75,3.125,0.03125,0
5/8/2013,69.7826087,1020.826087,287.7334783,86.08695652,3.086956522,0,0
5/9/2013,84.375,1017.75,289.4979167,78.33333333,4.166666667,0.40625,1
5/10/2013,84.04347826,1014.26087,288.0334783,72.60869565,2.913043478,0.358695652,1
5/11/2013,60.58333333,1014.416667,291.80125,178.75,2.458333333,0.010416667,0
5/12/2013,80.91666667,1009.875,291.3091667,175,3.708333333,0.395833333,1
5/13/2013,52.66666667,1005.625,290.1295833,258.75,5.25,0.21875,1
5/14/2013,33.14285714,1014.952381,283.7985714,279.047619,6.333333333,0.023809524,1
5/15/2013,38.23809524,1018.666667,283.8957143,310.952381,5.19047619,0,0
5/16/2013,48.6,1017.35,285.7425,179.15,2.9,0.125,1
5/17/2013,77.45454545,1006.909091,291.0036364,38.18181818,0.818181818,0,0
5/18/2013,45,1014,290.4525,291.25,2,0,0
5/19/2013,76.33333333,1023.888889,286.2644444,42.22222222,0.444444444,0.138888889,1
5/20/2013,90.66666667,1025.333333,286.9394444,108.3333333,2.222222222,0.333333333,1
5/21/2013,87.35,1020.3,290.3015,94.15,1.55,0.0375,1
5/22/2013,83.5,1016,294.3478571,105.5714286,1.5,0,0
5/23/2013,80.73684211,1012.842105,294.1110526,85.36842105,2.315789474,0.052631579,1
5/24/2013,81.45,1011.1,295.036,123.5,3,0.1875,1
5/25/2013,86.79166667,1008.458333,288.70875,231.6666667,3.666666667,0.541666667,1
5/26/2013,81.75,1013.166667,280.7666667,313.0833333,5.916666667,0.708333333,1
5/27/2013,62.6,1016.3,282.55,284.8,4.8,0.05,0
5/28/2013,66.36363636,1023.090909,285.0154545,97.54545455,0.909090909,0,0
5/29/2013,80.0625,1022.6875,287.5160938,64.3125,1.3125,0.34375,1
5/30/2013,88.15789474,1019.315789,289.6278947,58.68421053,1.157894737,0.026315789,1
5/31/2013,76.33333333,1018.916667,298.1425,84.25,1,0,0
6/1/2013,71.27777778,1018.666667,299.9966667,111.1666667,1.5,0,0
6/2/2013,80.27272727,1015.636364,298.0227273,48.27272727,0.818181818,0,0
6/3/2013,74.81818182,1011.727273,297.7863636,127.3636364,1.909090909,0,0
6/4/2013,82.9,1010,295.2925,144.85,2.5,0.5375,1
6/5/2013,49.95454545,1014.272727,292.4654545,239,2.227272727,0.125,1
6/6/2013,41.45833333,1019.708333,291.5916667,164.7083333,1.375,0,0
6/7/2013,79.41666667,1018.625,290.3916667,126.0416667,1.291666667,0.135416667,1
6/8/2013,94.625,1011.625,289.3795833,112.5833333,1.916666667,0.375,1
6/9/2013,83.25,1006.958333,291.7245833,245.5833333,1.166666667,0.479166667,1
6/10/2013,72.875,1019.625,294.82625,238.625,1.166666667,0.125,1
6/11/2013,87.20833333,1018.583333,292.6528958,134.625,1.333333333,0.125,1
6/12/2013,82.58333333,1006.625,294.5883333,204.0416667,1.708333333,0.333333333,1
6/13/2013,58.83333333,1008.5,295.0004167,266.625,2.583333333,0,0
6/14/2013,78.5,1006.416667,290.8338958,167.9166667,1.833333333,0.40625,1
6/15/2013,81.60869565,1004.347826,288.8665217,193.2608696,2.869565217,0.760869565,1
6/16/2013,70.20833333,1013.208333,294.14875,245.5,1.416666667,0.958333333,1
6/17/2013,71.16666667,1012.5,294.4825,203.875,1.291666667,0.958333333,1
6/18/2013,73.125,1011,297.27125,170.7916667,1.666666667,1,1
6/19/2013,70.16666667,1011.208333,295.8097917,116.875,2.708333333,0.791666667,1
6/20/2013,72.91666667,1019.208333,293.1002625,164.125,2.041666667,0.916666667,1
6/21/2013,65.16666667,1025.25,293.4291389,189.4583333,1.791666667,0.916666667,1
6/22/2013,67.625,1026.083333,294.8484167,187.5833333,1.875,0.916666667,1
6/23/2013,67.875,1024.625,296.1676979,202.5416667,1.833333333,0,0
6/24/2013,68.08333333,1020.458333,298.22125,199,2.541666667,0,0
6/25/2013,75.04166667,1016.791667,300.3220833,249.4166667,1.791666667,0.09375,1
6/26/2013,73.58333333,1013.291667,300.18,237.25,2.083333333,0.125,1
6/27/2013,71.20833333,1009.416667,300.1825,264.75,2.625,0.375,1
6/28/2013,87.20833333,1007.291667,298.3623958,169.5416667,1.375,0.333333333,1
6/29/2013,80.66666667,999.1666667,298.3983333,201.4166667,1.416666667,0.541666667,1
6/30/2013,71.375,1000.583333,297.4810417,202.4166667,2.541666667,0.09375,1
7/1/2013,84.83333333,1008.875,297.3739167,178.5,2.916666667,0.145833333,1
7/2/2013,88.875,1014,296.9052083,173.75,2.708333333,0.260416667,1
7/3/2013,83.08333333,1020,297.9190208,173.3333333,3,0.364583333,1
7/4/2013,82.41666667,1023.083333,298.1081667,203.625,3.166666667,0.34375,1
7/5/2013,80.66666667,1023.458333,300.508125,206.3333333,3.166666667,0.010416667,0
7/6/2013,74.16666667,1021.375,301.5710417,225.2083333,2.083333333,0,0
7/7/2013,70.125,1018.916667,302.7975,240.2916667,2.083333333,0,0
7/8/2013,71.95833333,1015.958333,303.1454167,249.7916667,1.625,0,0
7/9/2013,71.79166667,1015.333333,300.82125,252.2916667,2.375,0.291666667,1
7/10/2013,74.91666667,1016.875,300.3308333,229.0833333,1.291666667,0.458333333,1
7/11/2013,78.875,1013.625,299.9291667,219.4583333,2.666666667,0.395833333,1
7/12/2013,78.54166667,1010,300.0958333,232.0833333,2.083333333,0.520833333,1
7/13/2013,77.79166667,1014.791667,296.74625,74.66666667,1.875,0.333333333,1
7/14/2013,90.95833333,1021.375,296.18875,74.20833333,2.291666667,0.302083333,1
7/15/2013,79.33333333,1027.875,299.9186042,226.2083333,0.958333333,0.041666667,1
7/16/2013,77.08333333,1022.458333,302.6035417,266.6666667,1.666666667,0.208333333,1
7/17/2013,72.25,1020.583333,302.731875,213.9166667,1,0.083333333,1
7/18/2013,70.33333333,1020.75,302.8160417,159.5416667,1.125,0,0
7/19/2013,69,1016.583333,304.015,253.5416667,1.458333333,0,0
7/20/2013,73.95833333,1012.75,304.6983333,251.375,1.666666667,0,0
7/21/2013,68.375,1008.041667,303.548125,250.6666667,2.791666667,0.125,1
7/22/2013,72.5,1011.458333,300.2670833,243.6666667,1.291666667,0.083333333,1
7/23/2013,85.33333333,1013.083333,298.3392778,75.375,1.916666667,0.427083333,1
7/24/2013,82.5,1005.5,299.3034167,178.1666667,1.916666667,0.34375,1
7/25/2013,79,1005.541667,298.75125,271.8333333,2.333333333,0.302083333,1
7/26/2013,69,1014.333333,292.45625,129.875,1.541666667,0.5625,1
7/27/2013,71.79166667,1016.208333,295.1129167,129.75,1.125,0.635416667,1
7/28/2013,76.16666667,1016.25,296.9491667,171.2083333,1.416666667,0,0
7/29/2013,83.45833333,1014.291667,295.6333333,155.625,1.833333333,0.09375,1
7/30/2013,79.91666667,1015.666667,297.9385833,249.8333333,2.25,0.333333333,1
7/31/2013,66.79166667,1019.541667,296.2175,274.875,1.291666667,0,0
8/1/2013,75.08333333,1019.625,296.0303333,185.75,0.958333333,0.041666667,1
8/2/2013,83.95833333,1015.166667,294.5693333,158.9583333,2.75,0.052083333,1
8/3/2013,78.70833333,1012.875,297.3241667,243.5833333,1.625,0.083333333,1
8/4/2013,82.66666667,1012.541667,295.7095833,190.5833333,1.416666667,0.364583333,1
8/5/2013,73.66666667,1012.541667,295.7216667,217.2916667,1.541666667,0,0
8/6/2013,61.625,1015.375,294.1583333,291.2083333,2.25,0,0
8/7/2013,71.29166667,1019.083333,294.7410625,134.4583333,1.125,0,0
8/8/2013,77.41666667,1019.958333,295.4142917,155,1.833333333,0.072916667,1
8/9/2013,88,987.0416667,296.2791667,182.7916667,2.833333333,0.791666667,1
8/10/2013,92.375,977.9166667,297.8820833,197.0833333,2.916666667,0.770833333,1
8/11/2013,76.33333333,977.1666667,298.13125,295.4583333,2,0.25,1
8/12/2013,63.16666667,982,295.4591667,252.9166667,1.5,0,0
8/13/2013,74.41666667,979.5,296.1308333,210.0416667,0.666666667,0.416666667,1
8/14/2013,87.79166667,990.1666667,294.6626771,221.1666667,2.375,0.229166667,1
8/15/2013,72.04166667,990.125,293.030125,312.4583333,2.791666667,0.166666667,1
8/16/2013,58.70833333,986.375,291.7517917,301.7916667,1.958333333,0,0
8/17/2013,64.54166667,991.7916667,292.6174167,232.0416667,1.125,0.041666667,0
8/18/2013,62.375,987.2916667,294.3954167,174.7083333,1.166666667,0.020833333,0
8/19/2013,68.25,986.9583333,294.0058333,90.29166667,1.25,0.125,0
8/20/2013,73.58333333,982.875,294.5383333,220.9583333,1.625,0.020833333,0
8/21/2013,73.58333333,982.0833333,296.8766667,267.875,1.583333333,0.010416667,0
8/22/2013,63.04166667,992.5,298.4116667,218.2083333,1.75,0.020833333,0
8/23/2013,73.25,1014.333333,296.5276875,229.7083333,2.916666667,0,0
8/24/2013,62.5,1012.041667,296.5035625,247.0833333,4.5,0.041666667,1
8/25/2013,49.95833333,1021.791667,294.41025,78.54166667,4.291666667,0,0
8/26/2013,51.875,1023.625,294.2114583,241.5833333,2.5,0,0
8/27/2013,65.41666667,1022.708333,296.1175125,259.5416667,3.166666667,0.635416667,1
8/28/2013,69.45833333,1010.625,297.9848333,233.625,3.666666667,0.479166667,1
8/29/2013,76.75,1014.375,296.8096875,149.6666667,2,0.229166667,1
8/30/2013,75.25,1013.666667,296.1933333,60,3.958333333,0.208333333,1
8/31/2013,74.25,1021.041667,297.8095833,192.6666667,3.375,0,0
9/1/2013,74.29166667,1022.583333,299.471375,193.1666667,2.541666667,0,0
9/2/2013,84.25,1005.583333,297.7561667,173.7083333,2.333333333,0.291666667,1
9/3/2013,91.45833333,1015.333333,295.5062458,231.375,2,0.71875,1
9/4/2013,63.04166667,1019.791667,295.3891979,297.5833333,3.75,0.166666667,1
9/5/2013,52.95833333,1015.083333,294.8397431,258.9166667,3.791666667,0,0
9/6/2013,57.41666667,991.25,289.8193958,67.29166667,1.916666667,0,0
9/7/2013,70.20833333,1004.791667,289.3535521,232.0416667,1.5,0,0
9/8/2013,73.125,1018.791667,294.3247069,260,2.208333333,0.010416667,0
9/9/2013,71.83333333,1019.791667,290.9364583,156.0833333,1.666666667,0.03125,0
9/10/2013,77.58333333,1020.125,296.0236667,213.75,1.708333333,0.135416667,1
9/11/2013,70.66666667,1010.75,300.9644722,208.7083333,1.125,0,0
9/12/2013,72.16666667,995.875,299.7366875,206.0833333,3.166666667,0.020833333,0
9/13/2013,80.75,985.5416667,294.1631563,250.7916667,3.041666667,0.5,1
9/14/2013,67.41666667,981.7916667,288.0622361,326.875,2.5,0,0
9/15/2013,63.20833333,986.4583333,287.5327083,292.2083333,1.916666667,0,0
9/16/2013,72.66666667,988.875,289.7976875,226.0416667,1.791666667,0.104166667,1
9/17/2013,58.83333333,994.7916667,286.9554167,99.375,3.208333333,0,0
9/18/2013,61.33333333,990.2916667,286.47375,160.0833333,0.541666667,0,0
9/19/2013,67.375,989.2083333,288.8724653,235.3333333,1.625,0,0
9/20/2013,75.66666667,997.875,289.6166528,215.5,1.666666667,0,0
9/21/2013,82.91666667,996.4583333,290.4259271,182.6666667,2.625,0.5,1
9/22/2013,79.66666667,984.75,291.1778708,268,4.791666667,0.46875,1
9/23/2013,75.33333333,999.9583333,286.7373333,267.875,2.833333333,0.125,1
9/24/2013,84.58333333,1014.833333,286.7507986,266,1.791666667,0.083333333,1
9/25/2013,84.41666667,1013.791667,289.0680208,207.125,0.958333333,0.010416667,0
9/26/2013,82.95833333,1014.291667,288.6242917,149.5833333,1.416666667,0.020833333,0
9/27/2013,78.5,1019,288.3672917,88.5,1.416666667,0.083333333,1
9/28/2013,67.95833333,990.75,290.0239583,176.375,1,0,0
9/29/2013,77.125,987.7916667,288.4512083,232.875,1.083333333,0,0
9/30/2013,81.5,1000.875,287.95,168.5833333,1.583333333,0,0
10/1/2013,68.95833333,1010.208333,291.4841938,246.4166667,2.166666667,0,0
10/2/2013,64.29166667,1004.041667,294.0253903,274.4166667,2.5,0,0
10/3/2013,59.625,1015.666667,293.6178854,240.7083333,1.666666667,0,0
10/4/2013,61.08333333,1008.166667,294.5854167,198.0416667,2.375,0.041666667,1
10/5/2013,81.33333333,997.625,293.353125,86.5,2.666666667,0.125,1
10/6/2013,92.25,982.0833333,292.3291667,100.375,1.666666667,0.135416667,1
10/7/2013,92.45833333,996.4583333,293.7685972,149.125,3.083333333,0.489583333,1
10/8/2013,79.875,1012.333333,287.6668562,200.9583333,3.041666667,0.166666667,1
10/9/2013,68.54166667,993,285.6725,43.16666667,3.083333333,0.020833333,0
10/10/2013,79.41666667,988.75,286.3691667,50.5,3.416666667,0.25,1
10/11/2013,81.125,994.625,289.7745833,65.25,4,0.822916667,1
10/12/2013,74.125,1020.541667,291.2979792,68.83333333,2.416666667,0.239583333,1
10/13/2013,79.95833333,1028.25,288.6578299,60.33333333,2.666666667,0,0
10/14/2013,86.625,1028.083333,286.7703646,87.29166667,1.041666667,0,0
10/15/2013,88.54166667,1024.125,287.2494861,75.875,1,0,0
10/16/2013,98.54166667,1019.166667,287.9030417,97.91666667,1.041666667,0.447916667,1
10/17/2013,90.08333333,1011.5,291.0074722,201.7916667,0.916666667,0.229166667,1
10/18/2013,90.25,1008.75,290.3275,237.2083333,2.791666667,0.8125,1
10/19/2013,89.125,1013.625,286.0965278,240.1666667,1.416666667,0.072916667,0
10/20/2013,81.875,1011.875,285.8777986,248.9166667,2.5,0.135416667,1
10/21/2013,69.41666667,1006.875,285.2823854,245.75,2.791666667,0,0
10/22/2013,71.29166667,986.0416667,285.8735014,247.3333333,3.125,0,0
10/23/2013,73.25,994.6666667,283.6119514,251,2.916666667,0,0
10/24/2013,68.29166667,984.1666667,280.4646111,249.3333333,3.083333333,0,0
10/25/2013,61.58333333,989.0416667,280.5311563,246.7916667,3,0,0
10/26/2013,59.29166667,984.1666667,279.8483333,244,3,0,0
10/27/2013,66.95833333,1009.041667,283.7859792,266.5,3.166666667,0,0
10/28/2013,83.54166667,1034.416667,281.98375,262.9583333,2.333333333,0,0
10/29/2013,80.04166667,1041.041667,282.4220833,60.375,2.458333333,0,0
10/30/2013,88.25,1038.833333,283.5605208,190,1.666666667,0,0
10/31/2013,86.625,1033.125,286.7985833,190.5833333,2.708333333,0.010416667,0
11/1/2013,70.58333333,1018.333333,292.62725,215.25,6,0.5625,1
11/2/2013,78.04166667,1017.541667,287.6183542,257.5416667,1.541666667,0.291666667,1
11/3/2013,80.70833333,1028.375,283.0525,311,3.583333333,0.125,1
11/4/2013,94.54166667,1047.041667,277.2659375,33.75,3.416666667,0,0
11/5/2013,89.125,1049.625,280.5795208,104.625,2.208333333,0,0
11/6/2013,80.20833333,1027.916667,283.9829896,180.125,3.25,0,0
11/7/2013,76.75,1013.625,287.1399792,239.125,5.083333333,0.21875,1
11/8/2013,49.70833333,1013.791667,280.0616667,295.1666667,7.375,0,0
11/9/2013,45.79166667,1019.916667,279.295625,269.0416667,5.041666667,0,0
11/10/2013,53.375,1013.5,282.535,233.3333333,5.875,0.041666667,1
11/11/2013,40.125,1019.041667,281.8008333,282.9166667,7.416666667,0,0
11/12/2013,52,1017.541667,279.0833333,290.4166667,7.166666667,0.208333333,1
11/13/2013,45.875,1024.625,273.4216667,315.5833333,6.791666667,0,0
11/14/2013,38.70833333,1014.666667,276.8045833,250.1666667,5.416666667,0,0
11/15/2013,33.875,1019.458333,280.3225,215.0833333,3.333333333,0,0
11/16/2013,60.125,1007.541667,282.1155833,216.7916667,2.833333333,0.208333333,1
11/17/2013,86.45833333,1018.333333,284.1474792,179,2.583333333,0,0
11/18/2013,63.875,1006.666667,288.8873333,234.3333333,5.25,0.229166667,1
11/19/2013,40.70833333,1013.125,281.82375,305.8333333,9.208333333,0,0
11/20/2013,47.25,1009.666667,275.92,273.1666667,4.125,0,0
11/21/2013,61.125,998.5833333,275.5758333,244,3,0,0
11/22/2013,78.70833333,986.9166667,283.1929167,244,3,0.166666667,1
11/23/2013,60.16666667,978.375,280.6566667,244,3,0.041666667,1
11/24/2013,46.29166667,988.125,270.58,251.8333333,4.125,0,0
11/25/2013,45.54166667,1010,272.0191667,250.5,3.666666667,0,0
11/26/2013,45.70833333,1025.75,277.1183333,194.9166667,3.833333333,0.166666667,1
11/27/2013,88.82608696,993.7826087,282.2156522,215.4782609,6.608695652,0.347826087,1
11/28/2013,49.625,1014.541667,277.8521875,296.2083333,8.833333333,0.125,1
11/29/2013,45.5,1029.875,277.2811667,291.4583333,3.541666667,0.041666667,1
11/30/2013,50.16666667,1039.333333,273.09375,150.0833333,4.041666667,0.010416667,0
12/1/2013,62.08333333,1024.25,277.39625,187.0833333,2.458333333,0,0
12/2/2013,65.54166667,1014.583333,279.08,157.3333333,2.625,0,0
12/3/2013,73.25,1010.916667,278.69625,162.0833333,2.333333333,0,0
12/4/2013,69.58333333,1016,278.805,71.33333333,2.25,0,0
12/5/2013,86,1018.285714,282.9457143,97.33333333,2.857142857,0.119047619,1
12/6/2013,85.5,1014.95,283.118,212.5,3.8,0.375,1
12/7/2013,71.70833333,1014.291667,276.89875,200.1666667,4.625,0.145833333,1
12/8/2013,60.45833333,1006.125,275.71375,251.75,3.583333333,0,0
12/9/2013,89.27272727,1006.909091,274.6940909,169.0909091,4.363636364,0.204545455,1
12/10/2013,80.66666667,1003.125,276.3504167,260.625,4.041666667,0.041666667,1
12/11/2013,62.95833333,1020.333333,271.155625,244.3333333,5.166666667,0.25,1
12/12/2013,67.41666667,1009.833333,269.5377083,251.2083333,2.791666667,0.041666667,1
12/13/2013,58.66666667,999.5,270.5358958,239.2083333,2.833333333,0.03125,0
12/14/2013,77.58333333,994.75,269.4470833,229.0833333,3.458333333,0,0
12/15/2013,87.54166667,974.8333333,272.6416875,248.0416667,3,0.291666667,1
12/16/2013,72.20833333,993.6666667,271.4110417,258.7083333,3.208333333,0.208333333,1
12/17/2013,78.41666667,1019.666667,268.7566667,162.7083333,1.5,0.041666667,1
12/18/2013,78.83333333,1016.083333,270.2497917,236.4583333,1.625,0.333333333,1
12/19/2013,79.16666667,1019.666667,276.7038125,219.375,2.041666667,0.375,1
12/20/2013,78.875,1017.375,278.2016667,231.7083333,2.083333333,0.708333333,1
12/21/2013,79.54166667,1012.541667,282.7541667,214.9583333,1.625,0.583333333,1
12/22/2013,80.875,1011.416667,288.7133958,199.2083333,1.333333333,0.333333333,1
12/23/2013,83.625,1013.875,287.2658333,238,1.458333333,0.166666667,1
12/24/2013,76,1019.875,276.63375,283.2916667,2.916666667,0.458333333,1
12/25/2013,78.625,1030.25,268.9585417,271.7083333,2.625,0,0
12/26/2013,77.79166667,1023.916667,271.7292292,230.2083333,1.833333333,0,0
12/27/2013,78.29166667,1026.083333,273.5541667,264.375,1.666666667,0,0
12/28/2013,79.20833333,1021.416667,276.589375,225.375,1.666666667,0,0
12/29/2013,73.58333333,1012.458333,278.6635417,209.5416667,1.875,0.166666667,1
12/30/2013,78.75,1010.583333,276.6554167,271.25,2.875,0.708333333,1
12/31/2013,78.66666667,1017.791667,269.1371875,214.1666667,1.75,0,0
1/1/2014,77.08333333,1024.5,270.44875,233.8333333,2.166666667,0,0
1/2/2014,80.54166667,1018.458333,271.2837292,120.9583333,3.291666667,0,0
1/3/2014,78.375,1010.541667,263.5827083,228.125,3.583333333,0.333333333,1
1/4/2014,71.91666667,1031.083333,262.514166,241.5833333,1.708333333,0.208333333,1
1/5/2014,79.33333333,1024.208333,268.0741667,197.4583333,0.958333333,0.041666667,1
1/6/2014,83.39130435,1002.695652,279.3195652,197.5217391,2.173913043,0.304347826,1
1/7/2014,59.41666667,1015.416667,262.47875,264.2916667,4.875,0.041666667,1
1/8/2014,60.83333333,1030.875,262.0939375,247,2.75,0,0
1/9/2014,70.16666667,1033.708333,268.5029167,257.875,2.291666667,0.041666667,1
1/10/2014,78.91666667,1026.666667,271.1725,208.0416667,2.125,0.020833333,1
1/11/2014,84.08333333,1007.041667,279.8520833,220.0416667,2.083333333,0.0625,1
1/12/2014,78.45833333,1003,281.1989583,232.5,2.791666667,0.479166667,1
1/13/2014,78.29166667,1018.5,277.0883333,205.6666667,2.5,0.041666667,1
1/14/2014,86.41666667,999.3333333,279.9021311,221.9166667,2.791666667,0.15625,1
1/15/2014,83.58333333,1013.333333,277.0322316,220.2083333,2.291666667,0.208333333,1
1/16/2014,81.04166667,1012.583333,276.7590625,254,2.791666667,0.166666667,1
1/17/2014,78.33333333,1021.25,283.8265482,244.0833333,2.958333333,0.010416667,0
1/18/2014,80,1022,284.793,244,3,0,0
1/19/2014,72.58333333,1013.791667,277.0229167,250.1666667,3.208333333,0.041666667,1
1/20/2014,70.91666667,1004.666667,276.3416667,231,2.541666667,0.333333333,1
1/21/2014,76.41666667,1012.875,269.0777083,219.3333333,3.166666667,0,0
1/22/2014,77.41666667,1011.583333,261.421875,266,3.541666667,0.166666667,1
1/23/2014,67.83333333,1018.666667,261.7170833,275.5833333,2.958333333,0.041666667,1
1/24/2014,71.91666667,1026.416667,263.0866667,267.5,2.958333333,0,0
1/25/2014,74.125,1010.625,266.5420833,205.8333333,2.083333333,0,0
1/26/2014,66.58333333,1006.75,266.5475088,240.2916667,3.791666667,0.072916667,1
1/27/2014,59.68181818,1007.272727,271.7295455,139.5454545,3.090909091,0.443181818,1
1/28/2014,37.08333333,1023.75,264.8770833,278.75,5,0.0625,0
1/29/2014,48.66666667,1022.75,264.5416667,280,4.041666667,0.416666667,1
1/30/2014,45.45833333,1028.291667,265.61375,228.625,2.791666667,0.166666667,1
1/31/2014,53.86956522,1021.304348,270.2521739,252.0434783,4.347826087,0.217391304,1
2/1/2014,48.84615385,1023.461538,276.5607692,205.9230769,1.384615385,0.538461538,1
2/2/2014,69.21428571,1014.714286,278.9985714,193.4285714,2.285714286,0.464285714,1
2/3/2014,80.88235294,1019.470588,275.7770588,264.1176471,4.352941176,0.720588235,1
2/4/2014,75.08695652,1028.608696,270.0452174,137.826087,2.347826087,0.608695652,1
2/5/2014,88.83333333,1014.583333,272.245,64.16666667,5.083333333,1,1
2/6/2014,66.54545455,1021.272727,269.9113636,309.5454545,4.227272727,0.590909091,1
2/7/2014,64.82608696,1025.26087,269.4395652,251.3043478,3.956521739,0.467391304,1
2/8/2014,48.04166667,1025.875,268.86,229.1666667,2.875,0.291666667,1
2/9/2014,52.29166667,1021.125,268.3566667,159.5833333,2.083333333,0.260416667,1
2/10/2014,63.75,1019.125,268.6591667,267.9166667,4.25,0.447916667,1
2/11/2014,47.95833333,1027.041667,265.82375,313.3333333,3.833333333,0.166666667,1
2/12/2014,52.625,1033.125,264.8070833,224.5833333,4.125,0.09375,1
2/13/2014,81.89473684,1018.210526,269.7089474,36.84210526,6.526315789,0.789473684,1
2/14/2014,68.5625,994.375,275.21375,237.5,8.6875,1,1
2/15/2014,67.4,1006.8,273.5113333,116,2.533333333,0.733333333,1
2/16/2014,55.05,1012.4,269.1095,286,5.7,0.2625,1
2/17/2014,48.9047619,1023.952381,267.5147619,297.6190476,4.333333333,0.05952381,0
2/18/2014,63.28571429,1022.142857,270.602381,92.85714286,2.476190476,0.154761905,0
2/19/2014,76.19047619,1013.571429,273.5071429,123.8095238,1.761904762,0.107142857,0
2/20/2014,62.45833333,1019.666667,277.5754167,176.25,2.333333333,0.020833333,0
2/21/2014,93.81818182,1012.772727,276.6040909,74.54545455,2.636363636,0.420454545,1
2/22/2014,64.33333333,1014.761905,278.3857143,212.3809524,4.476190476,0.011904762,0
2/23/2014,51.83333333,1015.375,278.7716667,104.1666667,1.291666667,0.010416667,0
2/24/2014,45.60869565,1012.086957,276.5834783,278.2608696,5.869565217,0.119565217,1
2/25/2014,47.95238095,1017.666667,270.2366667,265.7142857,4.80952381,0.05952381,0
2/26/2014,54.2173913,1013.652174,269.5073913,264.7826087,3.739130435,0.195652174,1
2/27/2014,38.72727273,1008.727273,266.3836364,162.2727273,3.772727273,0.022727273,0
2/28/2014,32.83333333,1024.25,264.16875,252.9166667,4.75,0,0
3/1/2014,42.58333333,1028.416667,267.645,109.5833333,1.625,0.020833333,0
3/2/2014,51.04347826,1019.26087,274.9213043,224.7826087,1.956521739,0.22826087,0
3/3/2014,48,1019.916667,269.1066667,306.6666667,5.541666667,0.21875,0
3/4/2014,44.54166667,1028.083333,265.172125,194.7083333,3.166666667,0.052083333,0
3/5/2014,36.13043478,1024.956522,271.3138913,158.2608696,1.652173913,0.043478261,0
3/6/2014,44.08695652,1034.086957,268.3286957,54.7826087,5,0,0
3/7/2014,59.79166667,1027.25,271.3316667,50.83333333,4.083333333,0.177083333,0
3/8/2014,56.09090909,1012,278.5831818,208.6363636,3.590909091,0.079545455,0
3/9/2014,42.95833333,1014.25,277.9541667,310.4166667,5.083333333,0.104166667,0
3/10/2014,39.375,1010.75,277.8675,238.75,3.791666667,0.166666667,0
3/11/2014,49.68181818,1003.181818,282.7518182,214.5454545,3.136363636,0.068181818,0
3/12/2014,64.04166667,997.75,281.8816667,80.83333333,1.791666667,0.291666667,1
3/13/2014,52,997.8333333,270.6904167,294.5833333,9.916666667,0.291666667,1
3/14/2014,31.60869565,1019.869565,271.2256522,233.0434783,4.52173913,0.032608696,0
3/15/2014,39.70833333,1010.333333,281.59,222.9166667,6.208333333,0.135416667,1
3/16/2014,33.04761905,1019.333333,276.63,313.3333333,6.047619048,0.047619048,0
3/17/2014,32.6,1019.5,270.395,99,6.1,0.225,0
3/18/2014,38.65217391,1023,272.8895652,37.39130435,3.260869565,0,0
3/19/2014,71.18181818,1023.727273,274.3781818,86.36363636,3.409090909,0.261363636,1
3/20/2014,68.83333333,1008.916667,280.08125,251.6666667,5.916666667,0.6875,1
3/21/2014,36.25,1014.25,279.2920833,272.5,6.291666667,0,0
3/22/2014,42.91304348,1012.956522,280.3930435,155.6521739,4.565217391,0.065217391,0
3/23/2014,40.33333333,1016.333333,277.9458333,314.1666667,5.166666667,0.145833333,0
3/24/2014,32.82608696,1022,270.4678261,316.5217391,6,0,0
3/25/2014,36.45833333,1019.416667,271.6145833,150.8333333,2.666666667,0.114583333,0
3/26/2014,38.5,1011.909091,273.4136364,251.3636364,8.454545455,0.125,0
3/27/2014,33.95652174,1026.391304,271.7417391,280,4.869565217,0.043478261,1
3/28/2014,60.54166667,1020.458333,279.12875,188.75,3.583333333,0.46875,1
3/29/2014,80.79166667,1018.958333,281.6479167,107.9166667,3.291666667,0.697916667,1
3/30/2014,89.70833333,1002.416667,280.25875,106.25,6.125,1,1
3/31/2014,69.31818182,1008.954545,278.8213636,312.2727273,7.681818182,0.863636364,1
4/1/2014,51.5,1018.545455,280.5840909,241.8181818,3.136363636,0.147727273,1
4/2/2014,75.82608696,1019.173913,279.8874783,84.34782609,1.086956522,0.27173913,1
4/3/2014,58.54166667,1018.708333,283.2079167,55.41666667,1.666666667,0.072916667,0
4/4/2014,71.52173913,1016.826087,279.4552174,95.65217391,3.47826087,0.934782609,1
4/5/2014,66.79166667,1009.833333,280.2279167,208.75,6.458333333,0.5,1
4/6/2014,39.08333333,1020.5,280.0933333,244.1666667,4,0.041666667,1
4/7/2014,61.23809524,1020.904762,279.8480952,96.19047619,2.333333333,0.285714286,1
4/8/2014,78.58333333,1000.666667,284.2408333,150,4.75,0.875,1
4/9/2014,43.95652174,1005.608696,283.8113043,299.1304348,5.217391304,0.086956522,1
4/10/2014,32.13043478,1019.217391,282.2013043,183.9130435,4.130434783,0.043478261,1
4/11/2014,41,1015.75,288.885,223.5,4.45,0.25,1
4/12/2014,54.39130435,1019.695652,288.026087,210,2.391304348,0.369565217,1
4/13/2014,49.83333333,1020.375,289.0791667,135.8333333,3.708333333,0.072916667,1
4/14/2014,58.70833333,1014.875,292.69875,191.6666667,6.291666667,0.083333333,1
4/15/2014,82.17391304,1006.521739,288.9869565,189.1304348,6.52173913,0.72826087,1
4/16/2014,53,1022.190476,276.8104762,326.6666667,7.047619048,0.904761905,1
4/17/2014,47.25,1037.75,277.7004167,87.08333333,4.041666667,0.083333333,1
4/18/2014,58.86363636,1033.318182,277.7227273,75,2.409090909,0.136363636,0
4/19/2014,50.18181818,1024.545455,283.7663636,189.0909091,3.227272727,0.079545455,0
4/20/2014,36.3,1030,284.0739083,82.35,4,0,0
4/21/2014,46.20833333,1022.5,282.5145833,110.8333333,1.625,0,0
4/22/2014,63.45833333,1007.041667,286.52875,198.75,3.25,0.125,1
4/23/2014,54.7,1001.05,286.204,281.5,7,0.275,1
4/24/2014,31.75,1011.875,282.775,319.1666667,8.458333333,0.020833333,0
4/25/2014,28.41666667,1015.583333,284.1,186.25,3.75,0,0
4/26/2014,69.47826087,1007.608696,284.5421739,165.6521739,3.47826087,0.869565217,1
4/27/2014,58.9047619,1013.571429,283.1338095,269.5238095,4.904761905,0.392857143,1
4/28/2014,46.7826087,1018.782609,284.5191304,223.0434783,3.347826087,0.043478261,1
4/29/2014,65.5,1028.041667,283.12781,116.9583333,4.041666667,0.21875,0
4/30/2014,95.125,1039.5,280.7016042,96.375,5.583333333,1,1
5/1/2014,93.25,1024.041667,288.1104167,179.8333333,3.375,1,1
5/2/2014,81.125,1020,287.4373542,270.25,2.166666667,0.541666667,1
5/3/2014,56.70833333,1023.333333,286.811625,235,2.125,0,0
5/4/2014,50.95833333,1012.083333,287.6992187,241.875,4.541666667,0.25,1
5/5/2014,43.08333333,1009.458333,287.4291667,286.7083333,2.833333333,0.125,1
5/6/2014,38.54166667,1013.291667,287.8782517,307.2916667,1.166666667,0.208333333,1
5/7/2014,39.375,1019.875,287.3040417,193.125,1.375,0.010416667,0
5/8/2014,84.70833333,1019.708333,286.0416667,155.875,1.041666667,0.135416667,1
5/9/2014,94.33333333,1019,286.9816667,128.4583333,0.916666667,0.083333333,1
5/10/2014,87.60869565,1012.043478,291.3951739,192.173913,1.52173913,0.315217391,1
5/11/2014,62.125,1013.333333,293.92875,274.2083333,1.333333333,0.708333333,1
5/12/2014,48.95833333,1017.625,294.257875,239.7083333,1.25,0.114583333,1
5/13/2014,67.20833333,1018.958333,292.4503333,162.125,1.5,0.166666667,1
5/14/2014,73.66666667,1024.083333,287.08375,128.0416667,1.458333333,0.260416667,1
5/15/2014,92.91666667,1021.041667,290.3890417,145.6666667,1.25,0.40625,1
5/16/2014,95.375,1013.416667,291.88,161.4166667,2.708333333,0.041666667,1
5/17/2014,78.70833333,1012.708333,289.4325,253.7083333,1.333333333,0.666666667,1
5/18/2014,60,1018.625,287.8566667,240.8333333,1.291666667,0.458333333,1
5/19/2014,48.625,1019.791667,288.0775,297.8333333,2.583333333,0.375,1
5/20/2014,45.5,1016.916667,291.1725,279.75,1.75,0.375,1
5/21/2014,45.79166667,1012.291667,293.5570833,254.7083333,1.458333333,0.145833333,1
5/22/2014,81.375,1007.791667,291.0395833,173.2083333,1,0.291666667,1
5/23/2014,88.70833333,1008.208333,289.9016667,269.0833333,0.791666667,0.354166667,1
5/24/2014,84.375,1012.625,289.26375,223.1666667,1.083333333,0.416666667,1
5/25/2014,66.95833333,1017.625,291.4720833,197.75,1.833333333,0.375,1
5/26/2014,42.75,1016.375,295.25625,229.1666667,4.208333333,0.135416667,1
5/27/2014,45.08695652,1011.391304,297.6604348,247.3913043,3.869565217,0.304347826,1
5/28/2014,75.29166667,1012.625,289.9704167,116.6666667,4.25,0.322916667,1
5/29/2014,63.125,1022.291667,286.815,75.41666667,3.541666667,0.145833333,1
5/30/2014,54.45833333,1019.166667,290.0304167,101.25,1.5,0.15625,1
5/31/2014,53.83333333,1020.25,290.5175,150,5.375,0.291666667,1
6/1/2014,58.45833333,1024.833333,290.5329167,170.875,1.291666667,0.083333333,1
6/2/2014,51.79166667,1020.708333,293.2754167,218.5833333,1.416666667,0.041666667,1
6/3/2014,64.875,1013.125,296.4520213,212.2916667,1.625,0.145833333,1
6/4/2014,80.33333333,1007.833333,294.6650947,180.75,0.708333333,0.208333333,1
6/5/2014,83.41666667,1003.625,292.9716667,182.5833333,1.333333333,0.416666667,1
6/6/2014,62.20833333,1009.041667,292.9266667,300,1.625,0.458333333,1
6/7/2014,58,1012.708333,294.1645833,287,1.083333333,0.166666667,1
6/8/2014,62,1012.166667,296.0466667,214.7083333,0.958333333,0.041666667,1
6/9/2014,77.16666667,1012.666667,292.82625,154.25,1.041666667,0.125,1
6/10/2014,92.04166667,1015.125,293.605,86.08333333,1.208333333,0,0
6/11/2014,90.25,1017.375,292.6866667,109.125,1.416666667,0.4375,1
6/12/2014,92.25,1015.875,290.5225,127.625,1.625,0.291666667,1
6/13/2014,93.30434783,1009,293.666087,118.5217391,1.173913043,0.260869565,1
6/14/2014,80.375,1009.041667,293.7029167,246.125,1.583333333,0.208333333,1
6/15/2014,61.625,1016.416667,292.4420833,303.875,2.083333333,0.083333333,1
6/16/2014,63,1018.125,294.73125,222.5,1.208333333,0,0
6/17/2014,66.58333333,1015.083333,297.93875,194.9166667,0.916666667,0.083333333,1
6/18/2014,58.95833333,1010.041667,301.5145833,247.7083333,1.666666667,0,0
6/19/2014,72.45833333,1013.583333,296.3333333,204.1666667,1.166666667,0.458333333,1
6/20/2014,60.16666667,1013.375,294.9995833,290.5,1,0.208333333,1
6/21/2014,51.375,1012.375,294.07625,199.5,1.083333333,0.041666667,1
6/22/2014,67.25,1012.833333,293.69125,173.9583333,0.916666667,0.208333333,1
6/23/2014,63.70833333,1017.375,294.8154167,163.4583333,1.5,0.041666667,1
6/24/2014,64.58333333,1018.583333,295.8170833,165.125,1.291666667,0.135416667,1
6/25/2014,77.54166667,1013.791667,297.1966667,177.5416667,1.375,0.333333333,1
6/26/2014,84.41666667,1009,298.0954167,255.5,1.208333333,0.583333333,1
6/27/2014,66.08333333,1017.5,297.2045833,127.0416667,1.041666667,0.0625,0
6/28/2014,53.33333333,1024.625,296.9966667,190.7916667,1.125,0,0
6/29/2014,58.16666667,1024.375,296.7729167,203.9583333,1.083333333,0,0
6/30/2014,61.16666667,1019.041667,297.3029167,197.2083333,1.625,0,0
7/1/2014,69.41666667,1013.583333,299.7245833,194.3333333,2.416666667,0,0
7/2/2014,71,1011.875,301.1070833,192,2.875,0.041666667,1
7/3/2014,82.45833333,1014.291667,299.0541667,190.5833333,1.666666667,0.25,1
7/4/2014,87.08333333,1015.208333,295.0370833,215,2.416666667,0.645833333,1
7/5/2014,48.29166667,1018.833333,295.0879167,300.0833333,4.625,0.125,1
7/6/2014,54.54166667,1017.833333,297.3183333,234.75,3.375,0,0
7/7/2014,53.5,1011.083333,300.0708333,222.0416667,5.916666667,0.020833333,0
7/8/2014,56.75,1008.666667,301.622125,224.0416667,5.125,0.125,1
7/9/2014,59.91666667,1009.791667,299.81375,219.1666667,4.625,0.041666667,1
7/10/2014,61.5,1016.958333,297.28625,168,2.75,0.052083333,1
7/11/2014,61.45833333,1021.666667,297.6387753,122.9583333,2.75,0.041666667,1
7/12/2014,67.41666667,1022.75,297.7979167,176.3333333,2.541666667,0,0
7/13/2014,70.70833333,1017.75,298.1458333,172,3.666666667,0.135416667,1
7/14/2014,80.75,1012.5,298.48533,178.7083333,2.958333333,0.447916667,1
7/15/2014,85.875,1008.583333,297.9741667,159.75,2.041666667,0.427083333,1
7/16/2014,72.41666667,1008.583333,296.48375,188.7916667,3.208333333,0.625,1
7/17/2014,51.91666667,1013.708333,295.63375,202.5,3.5,0.166666667,1
7/18/2014,47.91666667,1021.458333,295.1741667,212.9166667,2.666666667,0,0
7/19/2014,53.5,1023.25,294.76125,140.2916667,2.25,0.125,0
7/20/2014,64.70833333,1020.791667,294.87625,76,3.291666667,0.135416667,1
7/21/2014,68.125,1021.25,295.3766667,125,1.833333333,0,0
7/22/2014,64.875,1020.375,297.8975,204.6666667,2.5,0,0
7/23/2014,63.625,1014.291667,299.55375,209.5833333,4.208333333,0,0
7/24/2014,73.45833333,1009.375,297.4306653,222.0833333,2.125,0.28125,1
7/25/2014,51.33333333,1014.208333,296.1242204,197.7083333,2.958333333,0.125,1
7/26/2014,66.375,1015.041667,295.8425,208.9166667,3.5,0.09375,1
7/27/2014,74.16666667,1009.166667,297.7541667,205.4166667,3.416666667,0.0625,1
7/28/2014,71.33333333,1001.375,297.6441879,215.4166667,4.208333333,0.427083333,1
7/29/2014,56.91666667,1009.25,293.4845833,293.0416667,4.166666667,0.125,1
7/30/2014,48.91666667,1015.75,293.3216667,261.875,2.875,0.010416667,0
7/31/2014,56.54166667,1018.25,294.5641667,209.8333333,3.25,0.125,1
8/1/2014,70.91666667,1021.458333,295.64,166.25,2.333333333,0.09375,1
8/2/2014,78.29166667,1023.125,293.9339525,77.625,2.75,0.291666667,1
8/3/2014,77.79166667,1019.25,293.5641245,77.58333333,1.625,0.197916667,1
8/4/2014,70.41666667,1017.541667,296.6225,227.9166667,2.208333333,0,0
8/5/2014,59.33333333,1016.041667,297.5520833,154.75,1.833333333,0.208333333,1
8/6/2014,58,1012,296.75,285.4166667,3.791666667,0.083333333,1
8/7/2014,46.41666667,1013.125,295.11,323.4166667,3.916666667,0,0
8/8/2014,46.54166667,1018.458333,294.3261434,279.25,3.333333333,0,0
8/9/2014,45.70833333,1018.666667,295.0525,170.125,2.083333333,0,0
8/10/2014,50.66666667,1020.583333,295.7660589,161.3333333,1.833333333,0,0
8/11/2014,50.79166667,1019.833333,296.466125,189.125,2.375,0.125,1
8/12/2014,73.04166667,1017.125,296.00375,144.1666667,4.333333333,0.229166667,1
8/13/2014,78.33333333,1007.375,296.0891667,171.25,4.5,0.354166667,1
8/14/2014,54.375,1009.708333,294.122125,280.25,4.208333333,0,0
8/15/2014,53.125,1013.041667,291.8831926,271,3.791666667,0.020833333,0
8/16/2014,56.79166667,1015.416667,292.7421064,241.75,2.625,0.0625,1
8/17/2014,58.45833333,1013.333333,294.7854782,263.7916667,2.666666667,0.135416667,1
8/18/2014,56.125,1013.083333,294.3566023,312.5,2.75,0,0
8/19/2014,57.54166667,1011.916667,294.4391667,58.75,2.916666667,0,0
8/20/2014,64.125,1014.708333,295.95875,150.7916667,1.958333333,0,0
8/21/2014,67.79166667,1016.875,295.64,169.4166667,2.583333333,0.395833333,1
8/22/2014,76.08333333,1016.875,293.8545833,132.25,2.083333333,0.458333333,1
8/23/2014,69.83333333,1018.25,293.2798031,67.5,2.75,0.302083333,1
8/24/2014,68.29166667,1020.166667,293.5391667,143.1666667,2.5,0.020833333,1
8/25/2014,63.625,1021.083333,294.4079167,139.8333333,1.791666667,0.041666667,1
8/26/2014,59.20833333,1020.25,296.65125,165.3333333,2.041666667,0.125,1
8/27/2014,61,1016.5,297.1941667,217.6666667,2.625,0.041666667,1
8/28/2014,51.16666667,1012,296.499164,298.0833333,4.791666667,0.125,1
8/29/2014,47.70833333,1019.791667,292.6033333,201.25,3.291666667,0.708333333,1
8/30/2014,62.16666667,1024,292.6583333,147.5,2.25,0.052083333,0
8/31/2014,72.875,1018.875,297.29625,187.0833333,3.875,0.135416667,1
9/1/2014,74.58333333,1014.958333,298.6458333,187.0833333,2.666666667,0.083333333,1
9/2/2014,66.625,1012.625,299.8416667,231.6666667,3.583333333,0.083333333,1
9/3/2014,52.33333333,1013.416667,298.3708333,259.1666667,4.75,0,0
9/4/2014,52.41666667,1020.375,296.0845833,140.5,2.541666667,0.083333333,1
9/5/2014,72.66666667,1020.458333,297.12875,171.7083333,2.75,0.125,1
9/6/2014,77.75,1014.125,298.9595833,206.1666667,3.25,0.25,1
9/7/2014,67.5,1016.791667,294.4360306,217.75,3.041666667,0.4375,1
9/8/2014,60.04166667,1023.958333,292.2445833,58.66666667,3.25,0,0
9/9/2014,68.66666667,1024.291667,291.9841667,52.5,4.458333333,0.15625,1
9/10/2014,67.5,1019.791667,293.4179167,63.33333333,3.375,0.239583333,1
9/11/2014,73.375,1013.791667,295.06375,173.75,3.708333333,0.1875,1
9/12/2014,58.45833333,1016.791667,293.1925,243.75,4.291666667,0.010416667,0
9/13/2014,69.08333333,1021.041667,289.27375,66,4.25,0.166666667,1
9/14/2014,66,1022.75,288.1491329,199.6666667,2.958333333,0.083333333,1
9/15/2014,55.875,1022.458333,287.9154167,112.2083333,2.791666667,0.041666667,1
9/16/2014,71.25,1017.125,288.8441667,223.0416667,2.375,0.145833333,1
9/17/2014,55.75,1016.708333,288.6875,244.1666667,2.5,0,0
9/18/2014,57.58333333,1015.375,289.2029167,226.625,2,0,0
9/19/2014,55.625,1023.458333,288.10375,89.16666667,4.166666667,0,0
9/20/2014,65.91666667,1025.333333,290.1879167,131.3333333,3.25,0.09375,1
9/21/2014,82.66666667,1012.5,293.4889383,96.95833333,1.541666667,0.145833333,1
9/22/2014,65,1008.333333,291.88625,277.5,4.541666667,0.052083333,1
9/23/2014,49.29166667,1024.166667,287.1516667,244.2916667,2.583333333,0,0
9/24/2014,66.41666667,1031.875,288.9758333,81.58333333,2.666666667,0.03125,0
9/25/2014,74.29166667,1029.125,289.39625,57.08333333,4.083333333,0.302083333,1
9/26/2014,65.5,1022.833333,290.63625,195.8333333,4.041666667,0,0
9/27/2014,57.125,1022.25,292.4395833,127.875,2.125,0,0
9/28/2014,58.95833333,1020.791667,293.225,171.9583333,1.041666667,0.010416667,0
9/29/2014,65.625,1015.166667,292.98625,218.75,2.125,0.15625,1
9/30/2014,74.20833333,1014,292.48625,130.7916667,2.25,0.145833333,1
10/1/2014,81.125,1016.291667,290.1225,29.58333333,3.375,0.114583333,1
10/2/2014,74.375,1019.375,290.43625,42.91666667,3.166666667,0.291666667,1
10/3/2014,68.29166667,1018.291667,290.0670833,102.2916667,2.416666667,0.260416667,1
10/4/2014,76.95833333,1005.25,290.7029167,174.1666667,4.541666667,0.104166667,1
10/5/2014,52.875,1008.625,284.2483333,264.1666667,5.75,0,0
10/6/2014,58.83333333,1016.583333,285.4720833,187,3,0.041666667,1
10/7/2014,63.625,1016.958333,291.4497661,185.5,4.458333333,0.322916667,1
10/8/2014,65.45833333,1010.666667,291.9433333,213.3333333,5.791666667,0.197916667,1
10/9/2014,43.875,1015.291667,288.2516667,252.5,4.833333333,0,0
10/10/2014,47.79166667,1018.833333,285.889677,253.6666667,1.958333333,0.197916667,1
10/11/2014,73.79166667,1018.583333,285.0991667,118.2916667,2.5,0.322916667,1
10/12/2014,70.25,1023.5,283.4829167,130.3333333,1.875,0,0
10/13/2014,70.33333333,1026.25,285.6429167,148.75,1.875,0.114583333,1
10/14/2014,81.75,1023.125,292.6917496,158.375,2.75,0.21875,1
10/15/2014,79.45833333,1017.041667,295.2904167,147.0833333,3.25,0.1875,1
10/16/2014,78.91666667,1007.583333,293.7895833,180.8333333,4.791666667,0.104166667,1
10/17/2014,67.70833333,1005.708333,290.1716667,230.8333333,4,0,0
10/18/2014,68,1003.208333,289.0629167,227.9166667,4.375,0.052083333,1
10/19/2014,50.08333333,1010,285.1047181,302.75,6.5,0.135416667,1
10/20/2014,52.29166667,1017.833333,281.0095833,251.4166667,3.333333333,0,0
10/21/2014,66.54166667,1012.916667,286.115,130.4583333,1.791666667,0.5,1
10/22/2014,87.04166667,1012.125,285.8308065,75,5.791666667,0.447916667,1
10/23/2014,83.20833333,1006.625,284.3225,235,6.208333333,0.25,1
10/24/2014,65.125,1008.708333,286.115,318.75,5.041666667,0.322916667,1
10/25/2014,48.79166667,1009.5,286.7191667,277.1666667,3.833333333,0,0
10/26/2014,47.75,1003.375,287.4216667,283.3333333,5.875,0.09375,1
10/27/2014,49.125,1013.625,285.7104167,276.6666667,4.291666667,0,0
10/28/2014,57.45833333,1016.333333,286.0300063,214,2.083333333,0.104166667,1
10/29/2014,71.20833333,1012.208333,288.23625,241.2916667,2.875,0.104166667,1
10/30/2014,74.83333333,1014.958333,283.0773874,279.25,3.25,0.041666667,1
10/31/2014,61.125,1015.708333,280.2975,153.75,3.333333333,0.104166667,1
11/1/2014,78.54166667,1010.375,281.49,118.75,6.291666667,0.520833333,1
11/2/2014,58.54166667,1010.291667,279.7712529,324.8333333,9.583333333,0.270833333,1
11/3/2014,42.5,1019.083333,281.0190922,274.125,5.791666667,0,0
11/4/2014,31.16666667,1021,286.6372186,222.875,3.333333333,0.25,1
11/5/2014,51.33333333,1018.208333,287.3437483,226.75,3.958333333,0.135416667,1
11/6/2014,76.625,1015.125,282.7558935,155.1666667,1.958333333,0.302083333,1
11/7/2014,73.91666667,1004.666667,282.1001382,284.9166667,4.708333333,0.125,1
11/8/2014,73.33333333,1020.5,277.4190224,250.4166667,3.333333333,0.041666667,1
11/9/2014,56.54166667,1014.291667,282.011244,207.3333333,3.5,0.114583333,1
11/10/2014,60.16666667,1019.416667,280.7613045,235.3333333,1.708333333,0.083333333,1
11/11/2014,75.375,1020.041667,283.2671853,84.04166667,1.625,0,0
11/12/2014,84.04166667,1013.5,287.0552046,191.5,2.041666667,0.208333333,1
11/13/2014,55.41666667,1019.666667,279.1934509,254.125,3.208333333,0.052083333,1
11/14/2014,70.08333333,1017.375,276.0796601,304.0416667,4.208333333,0.364583333,1
11/15/2014,58.45833333,1025.333333,273.1078035,298.4583333,2.916666667,0,0
11/16/2014,64.125,1027.958333,273.7228836,202.9166667,1.875,0.09375,0
11/17/2014,85.375,1013.625,278.3660893,134.875,2.083333333,0.416666667,1
11/18/2014,59.16666667,1008.75,275.0083397,269.2083333,7.5,0.0625,1
11/19/2014,45.41666667,1023.083333,269.3026581,251.0833333,6.125,0,0
11/20/2014,54.70833333,1017.125,274.2434595,227.625,4.875,0.041666667,0
11/21/2014,42.95833333,1022.958333,272.715952,284.0833333,5.666666667,0,0
11/22/2014,49.79166667,1031.75,271.9600061,237.7083333,3.5,0,0
11/23/2014,43.45833333,1023.625,280.4724701,211.9583333,3.166666667,0.072916667,1
11/24/2014,73.54166667,1009.041667,287.4497305,163.7916667,5.666666667,0.302083333,1
11/25/2014,55.75,1012.75,287.6939369,241.625,4.75,0.104166667,0
11/26/2014,71.58333333,1018.833333,277.8484501,205.6666667,4.041666667,0.333333333,1
11/27/2014,85.91666667,1014.958333,275.1291905,312.3333333,2.791666667,0.385416667,1
11/28/2014,67.16666667,1021.583333,273.0666987,301.5416667,4.083333333,0.041666667,0
11/29/2014,60.375,1027.708333,270.5654303,213.2916667,1.625,0.041666667,0
11/30/2014,68.70833333,1023.083333,278.4526536,197.2916667,2.666666667,0.09375,0
12/1/2014,66.29166667,1020.5,282.8870515,246.75,2.666666667,0.15625,1
12/2/2014,64.95833333,1033.75,276.3067672,162.875,5.208333333,0.3125,1
12/3/2014,90.04166667,1021.916667,278.6093036,159.125,3.541666667,0.270833333,1
12/4/2014,56.79166667,1026,277.160929,278.5416667,4.375,0.03125,0
12/5/2014,65.79166667,1034.25,274.9512204,66.54166667,3.833333333,0.052083333,0
12/6/2014,91.79166667,1024.416667,278.5518206,201.125,1.791666667,0.09375,1
12/7/2014,62.875,1027.583333,277.1766799,132.75,7.458333333,0.15625,1
12/8/2014,52.75,1037.125,270.8189238,22.70833333,6.25,0.0625,0
12/9/2014,87.875,1018.583333,275.9852756,68.45833333,7.125,0.072916667,1
12/10/2014,78.58333333,1004.208333,276.7256561,301.5416667,5.458333333,0.354166667,1
12/11/2014,69.625,1005.375,273.7604167,262.5,6.416666667,0.020833333,0
12/12/2014,66.29166667,1013.458333,274.065,272.2916667,4.375,0.09375,1
12/13/2014,60.83333333,1015.166667,275.9816667,318.75,5.375,0.010416667,0
12/14/2014,63.95833333,1012.916667,277.5432179,319.9166667,4.458333333,0.03125,0
12/15/2014,64.75,1017.166667,277.1909033,262,2.083333333,0,0
12/16/2014,79.625,1018.333333,276.6508333,79.5,1.583333333,0.166666667,1
12/17/2014,81.66666667,1010.791667,280.9889048,210.6666667,3.375,0.28125,1
12/18/2014,53.875,1014.291667,277.3835942,285.875,6.5,0.072916667,1
12/19/2014,58.29166667,1016.708333,275.4105719,306.2083333,5.125,0.041666667,0
12/20/2014,70.20833333,1024.083333,272.6308618,257.0416667,3.083333333,0.1875,0
12/21/2014,79.125,1026,273.3980697,250,2.625,0.145833333,0
12/22/2014,80.54166667,1026.416667,275.5860785,65.20833333,2.875,0.15625,1
12/23/2014,94.54166667,1020.958333,280.2936112,59.75,3.708333333,0.489583333,1
12/24/2014,97.41666667,1015.416667,281.1961073,66.75,2,0.34375,1
12/25/2014,73.375,1004.916667,284.6049095,252.125,5.583333333,0.104166667,1
12/26/2014,74.33333333,1026.041667,277.960243,252.7916667,2.708333333,0,0
12/27/2014,81.79166667,1031.333333,277.468107,233.5,1.583333333,0,0
12/28/2014,86.83333333,1018.708333,278.5963779,239.4166667,1.916666667,0.40625,1
12/29/2014,72.125,1020.791667,276.7403079,324.1666667,1.208333333,0.104166667,0
12/30/2014,65.04166667,1027.541667,271.6085707,205.6666667,1.458333333,0.03125,0
12/31/2014,74.29166667,1029.25,268.2591994,270.9583333,2.083333333,0,0
1/1/2015,61.58333333,1021.083333,268.9857979,249.3333333,3.166666667,0,0
1/2/2015,61.45833333,1021,274.0427316,259.4583333,3.083333333,0,0
1/3/2015,77.58333333,1030.25,270.7248143,140.9583333,1.708333333,0.1875,1
1/4/2015,96.625,1005.416667,278.2026022,193.75,2.375,0.96875,1
1/5/2015,64.33333333,1009.666667,277.3934631,266.0416667,2.958333333,0.34375,1
1/6/2015,64.875,1017.166667,266.8602455,257.9583333,1.833333333,0.03125,0
1/7/2015,82.625,1013.25,265.2189812,265.1666667,3,0,0
1/8/2015,58.33333333,1020.583333,262.2935662,263.2916667,2.458333333,0,0
1/9/2015,74.83333333,1022.083333,267.362663,230.5833333,3.625,0.03125,0
1/10/2015,59.83333333,1025.666667,264.1957255,274.7916667,2.625,0,0
1/11/2015,66.95833333,1034.791667,263.9191103,234.25,1.583333333,0,0
1/12/2015,87.875,1027,270.7908161,224.7916667,1.208333333,0.34375,1
1/13/2015,82.29166667,1027.666667,270.5257917,164.6666667,2.041666667,0,0
1/14/2015,77.20833333,1029.833333,264.8702083,32.16666667,1.708333333,0.041666667,1
1/15/2015,87.875,1023,266.6593565,280.125,1.375,0,0
1/16/2015,82.33333333,1011.875,269.0320979,266.8333333,2.791666667,0,0
1/17/2015,72.79166667,1024.25,265.0269167,280.7916667,1.791666667,0,0
1/18/2015,87.625,1016.625,269.9658333,182.2083333,1.25,0.354166667,1
1/19/2015,89,1009.541667,274.0238234,276.5,3.208333333,0.083333333,1
1/20/2015,81.08333333,1010.875,270.9278852,279.7083333,1.958333333,0,0
1/21/2015,77.45833333,1019.166667,267.9446851,163.7083333,1.291666667,0,0
1/22/2015,84.29166667,1021.25,270.483929,220.4583333,1.041666667,0.0625,0
1/23/2015,82.29166667,1025.083333,269.1221609,275.4583333,1.416666667,0,0
1/24/2015,95.79166667,1006.541667,272.1033087,150.5833333,1.875,0.479166667,1
1/25/2015,81.54166667,1003.041667,272.7383004,285.625,2.625,0.083333333,1
1/26/2015,83.875,1013.5,267.8719682,69.75,2.541666667,0.114583333,0
1/27/2015,86.33333333,1008.208333,269.2101287,199.6666667,4.083333333,0.145833333,0
1/28/2015,76.375,1016.458333,266.7009604,335.0833333,2.666666667,0.020833333,0
1/29/2015,76.625,1025.958333,263.3420447,243.7083333,1.208333333,0.0625,0
1/30/2015,86.91666667,1011.375,271.3954584,247.8333333,2.375,0.177083333,0
1/31/2015,73.70833333,1018.166667,266.1471737,318.5416667,4.833333333,0,0
2/1/2015,80.45833333,1020.458333,266.7994881,269,1.458333333,0,0
2/2/2015,95.25,1006.458333,272.4691154,145.9166667,1.916666667,0.53125,1
2/3/2015,78.58333333,1019.916667,266.7576838,298.8333333,3.416666667,0.166666667,1
2/4/2015,80.41666667,1021.041667,266.4574118,214.625,1.625,0.052083333,0
2/5/2015,82.95833333,1013.083333,270.2580575,274.5,2.875,0.020833333,0
2/6/2015,72.83333333,1021.541667,262.6860207,288.375,2.5,0,0
2/7/2015,81,1019.791667,265.3531486,246.2916667,1.583333333,0.020833333,0
2/8/2015,86.375,1013.666667,271.1083638,77.29166667,0.916666667,0.166666667,0
2/9/2015,98.33333333,1012.041667,274.4342052,61.5,1.875,0.458333333,1
2/10/2015,90.5,1015.708333,273.4236667,27.125,2.458333333,0.208333333,1
2/11/2015,83.5,1017.916667,269.0816403,41.79166667,2.041666667,0,0
2/12/2015,84.04166667,1008.75,268.1202033,218.5833333,1.291666667,0.020833333,0
2/13/2015,69.04166667,1014.625,264.2830086,313.0833333,3.208333333,0,0
2/14/2015,78.625,1012.125,262.1229788,220.25,1.458333333,0.052083333,0
2/15/2015,80.125,1004.958333,264.4651869,273.625,5.125,0.03125,0
2/16/2015,70,1021.375,261.2241256,314.75,3.916666667,0,0
2/17/2015,84.20833333,1020.541667,263.1348067,193.1666667,1.208333333,0.0625,0
2/18/2015,71.5,1010.458333,261.1628532,193.4166667,0.916666667,0,0
2/19/2015,76.20833333,1006.75,263.3482218,276.3333333,2.958333333,0,0
2/20/2015,65.91666667,1019.25,259.2875918,296.9583333,3.208333333,0,0
2/21/2015,73.16666667,1029.375,259.01975,207.625,1.708333333,0.072916667,0
2/22/2015,93.66666667,1020.541667,274.1554698,211.2916667,1.125,0.333333333,1
2/23/2015,78.70833333,1021.666667,269.4194621,300.7083333,2.75,0.041666667,0
2/24/2015,69.625,1022.75,259.8326531,262.4166667,1.5,0,0
2/25/2015,77.04166667,1009.666667,264.655717,245.0416667,2.25,0,0
2/26/2015,75.54166667,1015.791667,264.532471,130.7916667,1.875,0.052083333,0
2/27/2015,97.04166667,1037.25,265.4503372,201.3333333,2.083333333,0,0
2/28/2015,73.375,1037.708333,262.4880834,308.0416667,1.458333333,0,0
3/1/2015,85.16666667,1039.083333,263.1643091,215.6666667,1,0.072916667,0
3/2/2015,85.875,1019.833333,271.5820003,269.875,2.583333333,0.114583333,0
3/3/2015,76.66666667,1025.833333,267.1465,245.375,2,0.0625,0
3/4/2015,89.875,1011.375,275.8418503,214.875,3.25,0.208333333,1
3/5/2015,88.5,1017.208333,272.7291657,244.625,3.166666667,0.052083333,1
3/6/2015,55.41666667,1031.375,265.5362155,289.1666667,3.625,0.010416667,0
3/7/2015,58.16666667,1025.625,267.9366729,227.8333333,3.583333333,0.125,1
3/8/2015,56,1018.625,276.0002687,253,4.041666667,0.354166667,1
3/9/2015,53.45833333,1021.875,277.098198,250.2083333,3.375,0.208333333,1
3/10/2015,72.54166667,1032.5,275.5380199,184.8333333,1.375,0.041666667,0
3/11/2015,88.5,1019.833333,279.4537557,241,2.083333333,0.9375,1
3/12/2015,87,1038.75,276.0666667,310.875,3.666666667,0.166666667,1
3/13/2015,87.58333333,1049.458333,272.9411458,181.2916667,2.083333333,0,0
3/14/2015,90.375,1034.916667,277.3863125,182.875,1.625,0.770833333,1
3/15/2015,89.41666667,1021.125,278.0831042,288.5416667,4.083333333,1,1
3/16/2015,76.04166667,1027.458333,276.8176875,286.9583333,2.708333333,0.166666667,1
3/17/2015,77.54166667,1018.083333,279.5863333,246.9583333,3.083333333,0.645833333,1
3/18/2015,72.04166667,1028.291667,273.77125,310.125,6.208333333,0.166666667,1
3/19/2015,74.29166667,1037.583333,273.262875,325.4583333,3.125,0,0
3/20/2015,81.45833333,1033.291667,272.2457836,99.875,2.083333333,0.09375,0
3/21/2015,98.58333333,1030.666667,273.1845461,115.75,2.083333333,0,0
3/22/2015,93.04166667,1028.958333,274.0783333,292.375,3.833333333,0,0
3/23/2015,81,1035.833333,271.5055833,319.625,2.75,0,0
3/24/2015,81.83333333,1040.166667,271.8369167,119.5833333,1.791666667,0,0
3/25/2015,85,1041.875,273.6162917,193.2916667,1.75,0.25,1
3/26/2015,90.875,1028,279.5271875,189.8333333,2.208333333,1,1
3/27/2015,94.54166667,1019.25,279.7131042,320.75,2.791666667,1,1
3/28/2015,90.20833333,1022.958333,275.0164167,337.1666667,3.458333333,0.166666667,1
3/29/2015,68.75,1030,273.5737786,321.75,2.916666667,0,0
3/30/2015,58.04166667,1003.541667,276.4318074,227.625,3,0.0625,1
3/31/2015,67.29166667,1024.5,278.5591458,277.2916667,3.208333333,0,0
4/1/2015,82.75,1028.166667,276.2800417,317.5,2.625,1,1
4/2/2015,65.95833333,1035.625,278.6971042,230.75,2.708333333,0.166666667,1
4/3/2015,64.5,1024.791667,287.5108125,221.375,4.25,0.302083333,1
4/4/2015,82.33333333,1020.333333,282.8135,254.6666667,4.583333333,0.895833333,1
4/5/2015,64.625,1034.5,280.23175,259.8333333,3.666666667,0.177083333,1
4/6/2015,65.625,1037.291667,282.1351458,146.5,1.75,0,0
4/7/2015,67.58333333,1035.041667,285.9200208,172.75,2.166666667,0.260416667,1
4/8/2015,89.95833333,1039.916667,279.0449375,76.16666667,4,1,1
4/9/2015,89.45833333,1038.666667,277.9091875,66.08333333,3.208333333,1,1
4/10/2015,91.16666667,1029.833333,281.0066667,147.8333333,1.875,1,1
4/11/2015,68.54166667,1025.916667,284.114875,279.875,3.708333333,0.166666667,1
4/12/2015,60.25,1038.333333,281.5782708,271.2916667,1.958333333,0,0
4/13/2015,60.08333333,1039.833333,283.2476042,193.2916667,2.25,0,0
4/14/2015,57.29166667,1034.541667,287.6737917,247.0416667,3.125,0.114583333,0
4/15/2015,55.375,1034.708333,284.760875,313.2083333,2.5,0.03125,0
4/16/2015,40.375,1042.875,284.467625,107.2083333,2.25,0,0
4/17/2015,72.54166667,1033.125,286.6569375,212.9166667,2.875,0.770833333,1
4/18/2015,64.04166667,1027.958333,288.552125,281.5416667,2,0.166666667,1
4/19/2015,40.70833333,1034.416667,286.9401667,126.8333333,3.166666667,0,0
4/20/2015,86.08333333,1026.875,283.4365833,110.8333333,4.208333333,0.760416667,1
4/21/2015,83.58333333,1010,286.255139,213.0416667,2.708333333,0.583333333,1
4/22/2015,61.29166667,1006.041667,283.4963651,218.7916667,2.75,0.208333333,1
4/23/2015,58.04166667,1005.833333,280.3200174,278.4583333,3.375,0.083333333,1
4/24/2015,46.91666667,1010.208333,278.0236075,307.75,3.416666667,0,0
4/25/2015,44.375,1011.291667,279.4518898,308.4583333,2.208333333,0,0
4/26/2015,45.58333333,1005,282.7056339,169.75,1.416666667,0.020833333,0
4/27/2015,48.08333333,1005.5,283.3932337,326.125,2.416666667,0.020833333,0
4/28/2015,48.5,1007.791667,285.9750387,341.7916667,3.208333333,0.083333333,1
4/29/2015,43.83333333,1006.666667,289.5896892,320.7083333,2.125,0,0
4/30/2015,50.375,1006.583333,287.6616827,138.3333333,2.291666667,0,0
5/1/2015,57.125,1012.75,285.3032962,78.25,1.25,0.020833333,0
5/2/2015,60.16666667,1014,286.6565039,154.5416667,0.791666667,0.041666667,0
5/3/2015,50.54166667,1017.583333,289.514943,228.375,0.875,0.010416667,0
5/4/2015,39.125,1022.625,292.6433457,224.25,1.708333333,0,0
5/5/2015,35.58333333,1021.458333,297.1548138,267.7916667,2.083333333,0.083333333,1
5/6/2015,46.66666667,1023.916667,291.6234447,109.875,1,0.364583333,1
5/7/2015,59.29166667,1022.041667,292.2338169,258.0833333,0.791666667,0,0
5/8/2015,49.875,1020.041667,294.2868449,188.4583333,1.25,0,0
5/9/2015,66.25,1023.666667,292.2282164,142.5,1.5,0.177083333,1
5/10/2015,78.70833333,1022.541667,294.0198274,192.0416667,1.666666667,0.427083333,1
5/11/2015,72.625,1019.333333,296.3141282,202.7083333,1.958333333,0.208333333,1
5/12/2015,74.58333333,1011.666667,296.0502782,216.375,2.333333333,0.552083333,1
5/13/2015,42.45833333,1015.416667,291.9082836,304.375,3.333333333,0,0
5/14/2015,40.125,1026.75,288.6769385,250.375,1.875,0,0
5/15/2015,46.625,1025.5,288.9050433,227.0416667,1.333333333,0,0
5/16/2015,56.875,1021.958333,292.6540637,200.8333333,1.791666667,0.520833333,1
5/17/2015,83.875,1020.916667,294.1470676,256.6666667,0.916666667,0.5,1
5/18/2015,76.5,1020.333333,294.037802,159.2083333,1.666666667,0.083333333,1
5/19/2015,91.41666667,1014.541667,289.8908622,156.5,1.291666667,0.625,1
5/20/2015,71.41666667,1010.375,289.8425645,304.0416667,2.541666667,0.083333333,1
5/21/2015,54.75,1014.75,285.5334124,286.875,1.541666667,0.1875,1
5/22/2015,64.75,1013.291667,287.1475479,274.7083333,2.041666667,0.15625,1
5/23/2015,46.75,1025.416667,285.6786034,305.2916667,2.208333333,0.125,1
5/24/2015,48.95833333,1027.208333,288.5984583,250.4166667,2.125,0,0
5/25/2015,52.83333333,1035.041667,292.3783646,233.2083333,2.416666667,0,0
5/26/2015,52.29166667,1034.416667,296.3771968,206.75,3.375,0,0
5/27/2015,60.58333333,1030.208333,296.2233333,189.8333333,3.708333333,0,0
5/28/2015,74.70833333,1029.583333,295.1549583,198,2.25,0.260416667,1
5/29/2015,73.75,1033.625,293.5626667,132.5,1.25,0.083333333,1
5/30/2015,70.16666667,1031.458333,294.0129506,178.5416667,2.625,0,0
5/31/2015,68.95833333,1024.5,295.5947629,193.6666667,3.625,0.25,1
6/1/2015,92.75,1019.125,287.3779167,72.75,4.916666667,0.541666667,1
6/2/2015,87.79166667,1020.5,284.2870833,35,3.291666667,0.1875,1
6/3/2015,80.79166667,1025.416667,287.0883333,71.5,2.25,0.333333333,1
6/4/2015,79.45833333,1033.875,287.5914167,94.29166667,2.125,0.03125,0
6/5/2015,72.45833333,1029.041667,288.9269583,84.75,1.583333333,0.0625,0
6/6/2015,68.16666667,1022.291667,291.1565417,154.375,2.125,0,0
6/7/2015,55.95833333,1030.458333,290.7302917,116.9166667,2.375,0,0
6/8/2015,68.95833333,1019.916667,292.350375,189.875,4.083333333,0.1875,1
6/9/2015,73.25,1006.166667,295.39875,215,3.958333333,0.229166667,1
6/10/2015,63.95833333,1010.333333,295.1433333,261.875,3,0.041666667,1
6/11/2015,59.25,1016,297.977,218.7916667,2.666666667,0.166666667,1
6/12/2015,72.54166667,1023.291667,297.2587083,152.625,1.708333333,0.083333333,1
6/13/2015,59.70833333,1021.25,298.9639583,211.3333333,2.333333333,0,0
6/14/2015,61.29166667,1026.166667,296.4525833,180.7916667,1.208333333,0,0
6/15/2015,84.45833333,1018.875,295.55025,158.9166667,3,0.541666667,1
6/16/2015,85.66666667,1013.458333,293.7866667,92.66666667,2.416666667,0.166666667,1
6/17/2015,68.20833333,1018.125,295.3320833,199.3333333,3.625,0.135416667,1
6/18/2015,74.20833333,1022.708333,292.7068333,147.2083333,2.375,0.3125,1
6/19/2015,90.25,1022.166667,294.2943333,249.5833333,1.916666667,0.53125,1
6/20/2015,86.54166667,1027.666667,292.8728333,146.2916667,2.5,0.479166667,1
6/21/2015,94.66666667,1020.5,295.230125,205.5833333,2.75,0.614583333,1
6/22/2015,80.83333333,1021.958333,296.486625,291.8333333,2.541666667,0.25,1
6/23/2015,64.5,1020.916667,298.7847917,198.4583333,3.333333333,0.166666667,1
6/24/2015,74.45833333,1022.75,295.8497083,303.6666667,2.708333333,0.083333333,1
6/25/2015,57.875,1020.541667,295.8632917,234.2083333,2.5,0.0625,1
6/26/2015,67.75,1014.958333,295.6566667,133.25,2.416666667,0.229166667,1
6/27/2015,75.70833333,1018.333333,292.6545833,114.375,3.208333333,0.385416667,1
6/28/2015,83.95833333,1007.916667,290.575,129.7083333,3.833333333,0.25,1
6/29/2015,71.54166667,1010.333333,293.5608333,229.4166667,3.041666667,0.291666667,1
6/30/2015,70.29166667,1012.916667,295.0004167,191.0833333,2.791666667,0.166666667,1
7/1/2015,72.625,1009.208333,296.7341667,208.2083333,3.875,0.25,1
7/2/2015,68.08333333,1012.166667,295.5783333,234.5833333,1.791666667,0.104166667,1
7/3/2015,70.08333333,1014,294.7929167,167.5416667,1.458333333,0.208333333,1
7/4/2015,73.16666667,1014.583333,294.2779167,120.4583333,2.541666667,0.322916667,1
7/5/2015,70.04166667,1018.75,295.1933333,224.875,1.833333333,0.010416667,0
7/6/2015,76.125,1019.75,296.4658333,181.8333333,2.416666667,0.09375,1
7/7/2015,75.125,1017.166667,298.6991667,190.1666667,3.166666667,0.291666667,1
7/8/2015,76.29166667,1014.416667,298.7295833,235.8333333,2.916666667,0.208333333,1
7/9/2015,82.625,1014.875,295.7783333,156.4166667,1.333333333,0.114583333,1
7/10/2015,70.125,1012.916667,296.7554167,248.4166667,3.333333333,0.114583333,1
7/11/2015,65.41666667,1018.083333,296.9658333,147.2083333,1.458333333,0.041666667,1
7/12/2015,67.58333333,1017.5,297.5925,231.2083333,2.166666667,0.125,1
7/13/2015,68.33333333,1012.791667,297.9975,189.0833333,2.625,0.125,1
7/14/2015,73.83333333,1005.875,296.45375,169.3333333,2.833333333,0.291666667,1
7/15/2015,86.5,1003.333333,297.3041667,141.625,2.166666667,0.21875,1
7/16/2015,57.45833333,1014.75,294.4954167,95.79166667,2.958333333,0.145833333,1
7/17/2015,72.58333333,1017.583333,294.3283333,200.375,3.041666667,0.010416667,0
7/18/2015,70.16666667,1014.791667,297.2654167,203.3333333,3,0.552083333,1
7/19/2015,70.375,1011.041667,300.7854167,219.875,2.208333333,0.125,1
7/20/2015,60.95833333,1006.625,302.5270833,245.2916667,2.625,0,0
7/21/2015,68.16666667,1004.875,300.0475,271.4166667,1.833333333,0.46875,1
7/22/2015,54.33333333,1007.916667,296.4041667,305.5416667,4.125,0.208333333,1
7/23/2015,58.04166667,1013.208333,295.70875,269.5,2.5,0,0
7/24/2015,58.16666667,1014,296.1566667,225.8333333,2.291666667,0.072916667,1
7/25/2015,60.04166667,1015.333333,296.5529167,213.1666667,1.791666667,0.041666667,1
7/26/2015,64.25,1015.458333,298.1775,193.9166667,3.541666667,0.177083333,1
7/27/2015,68.91666667,1015.875,298.3754167,184.6666667,2.416666667,0.479166667,1
7/28/2015,68.70833333,1015.875,299.5745833,232.5416667,1.458333333,0.083333333,1
7/29/2015,65.75,1014.916667,301.0033333,220.0416667,1.791666667,0.020833333,0
7/30/2015,77.125,1012.291667,299.7158333,211.625,3.416666667,0.145833333,1
7/31/2015,66.20833333,1011.25,298.8654167,268.9166667,2.583333333,0.125,1
8/1/2015,61.375,1009.833333,298.8308333,257.5,2.666666667,0.041666667,1
8/2/2015,59.08333333,1012.375,298.065,265.875,2.333333333,0.010416667,0
8/3/2015,59.875,1010.791667,298.8370833,219,3.416666667,0.125,1
8/4/2015,59.41666667,1010.75,299.345,244.0833333,4.291666667,0.166666667,1
8/5/2015,57.125,1013.333333,297.5216667,293.875,2.75,0.041666667,1
8/6/2015,61.70833333,1014.833333,295.6070833,222.875,2.375,0.010416667,0
8/7/2015,63.16666667,1013.166667,296.1545833,113.2083333,3.083333333,0.135416667,1
8/8/2015,64.875,1014.166667,295.4083333,108.125,2.625,0.072916667,1
8/9/2015,63.83333333,1015.875,296.0083333,112.125,2.416666667,0,0
8/10/2015,70.29166667,1016.875,295.8529167,181.125,2.416666667,0.1875,1
8/11/2015,78.08333333,1010.458333,296.18125,194.625,3.666666667,0.208333333,1
8/12/2015,69.70833333,1011.625,296.5975,249.5833333,2.958333333,0.083333333,1
8/13/2015,58.95833333,1016.75,295.75875,301.625,2.416666667,0.166666667,1
8/14/2015,63.25,1020.541667,295.9504167,258.0833333,1.791666667,0.166666667,1
8/15/2015,61.25,1019.666667,298.5308333,251.5416667,2.5,0.25,1
8/16/2015,66.75,1019.375,299.5254167,240.125,3.041666667,0.333333333,1
8/17/2015,65.70833333,1018.666667,300.1429167,221.75,2.666666667,0.09375,1
8/18/2015,66.04166667,1016.708333,300.1154167,204.0416667,3.125,0.21875,1
8/19/2015,76.875,1016.166667,298.995,164.75,2.833333333,0.21875,1
8/20/2015,76.16666667,1016.25,298.9691667,151.6666667,4.458333333,0.166666667,1
8/21/2015,68.66666667,1015.75,298.15625,168.625,3.541666667,0.145833333,1
8/22/2015,54.75,1018.75,296.3633333,123.375,2.208333333,0.041666667,1
8/23/2015,73.79166667,1016.416667,295.3508333,124.2916667,2.166666667,0.052083333,1
8/24/2015,73.25,1013.083333,297.02125,190.7083333,1.958333333,0,0
8/25/2015,62.20833333,1011.166667,298.9508333,219.9583333,2.708333333,0.15625,1
8/26/2015,55.33333333,1014.333333,295.5166667,273.2916667,2.708333333,0.041666667,1
8/27/2015,64,1017.625,294.2725,313.3333333,2.791666667,0.041666667,0
8/28/2015,65.75,1021.083333,293.3958333,294.1666667,2.75,0,0
8/29/2015,66.54166667,1021.958333,294.8404167,244.4166667,1.75,0.083333333,1
8/30/2015,64.83333333,1019.125,297.1975,223.3333333,2.791666667,0.166666667,1
8/31/2015,64.79166667,1016.916667,299.52625,249.3333333,2.666666667,0.072916667,1
9/1/2015,67.33333333,1016.791667,299.4027888,142.8333333,2.291666667,0.083333333,1
9/2/2015,68.16666667,1016.458333,298.2433333,200.2916667,1.625,0.083333333,1
9/3/2015,68.375,1012.125,299.2241667,205.75,2.083333333,0,0
9/4/2015,70.79166667,1015.958333,298.4491667,75.70833333,2.666666667,0.09375,1
9/5/2015,68.41666667,1023.833333,295.8358333,87.25,2.791666667,0,0
9/6/2015,66.95833333,1023.166667,294.4991667,158.5416667,1.708333333,0,0
9/7/2015,65.75,1019.625,296.6141667,232.9583333,2.416666667,0.010416667,0
9/8/2015,60.16666667,1016.166667,300.1091667,218.875,2.75,0.041666667,1
9/9/2015,67.41666667,1013.583333,299.7325,199.9583333,2.583333333,0.145833333,1
9/10/2015,84.95833333,1010.125,296.5220833,109.1666667,2.708333333,0.520833333,1
9/11/2015,77.54166667,1007.208333,294.78,125.875,3.833333333,0.25,1
9/12/2015,79.125,1009.125,294.1854167,174.125,2.375,0.177083333,1
9/13/2015,76.04166667,1005.708333,294.39375,215.7916667,3.583333333,0.21875,1
9/14/2015,59.41666667,1015.25,290.9570833,277.3333333,4.125,0.083333333,1
9/15/2015,60.70833333,1024.708333,293.0054167,258.9166667,2.458333333,0,0
9/16/2015,65.95833333,1025.958333,294.6758333,237.1666667,1.541666667,0,0
9/17/2015,66.83333333,1022,295.5083333,213.625,1.958333333,0.041666667,1
9/18/2015,67.54166667,1017.541667,295.4275,207.125,2.291666667,0.25,1
9/19/2015,76.91666667,1014.291667,294.8016667,193.3333333,2.666666667,0.135416667,1
9/20/2015,66.625,1014.291667,295.15125,172.9166667,3.541666667,0.041666667,0
9/21/2015,60.08333333,1021.25,290.55,51.16666667,3.416666667,0.03125,0
9/22/2015,61.54166667,1024.083333,291.1783333,66.66666667,3.166666667,0.1875,1
9/23/2015,67.79166667,1024.333333,291.5491667,53.75,2.541666667,0.010416667,0
9/24/2015,60.875,1024.666667,291.7675,124.125,2.458333333,0.041666667,1
9/25/2015,68.75,1027.25,292.0625,87.375,3.458333333,0.041666667,1
9/26/2015,65.45833333,1029.25,290.4953238,75.375,3.833333333,0.010416667,0
9/27/2015,74.125,1030.625,289.0666667,77.16666667,3.166666667,0.020833333,0
9/28/2015,77.125,1023.791667,292.7916667,90.29166667,2.208333333,0.197916667,1
9/29/2015,82,1018.125,295.6170833,134.2083333,2.333333333,0.125,1
9/30/2015,85.125,1008.166667,295.535,164.625,3.75,0.15625,1
10/1/2015,68.625,1017.333333,287.7429167,43.04166667,4.791666667,0.458333333,1
10/2/2015,81.125,1021.666667,284.3320833,31.25,5,0.541666667,1
10/3/2015,88.70833333,1025.083333,282.8291667,45.41666667,6.291666667,0.197916667,1
10/4/2015,64.91666667,1026.208333,286.0633333,55.83333333,5.958333333,0.364583333,1
10/5/2015,69.54166667,1022.541667,286.4141667,39.16666667,3.166666667,0.0625,0
10/6/2015,76.16666667,1018.25,287.32625,147.5,2.333333333,0.09375,1
10/7/2015,73.75,1016.166667,289.4533333,281.4166667,2.083333333,0.020833333,0
10/8/2015,77.04166667,1019.458333,288.8504167,223.4166667,2.291666667,0.010416667,0
10/9/2015,78.375,1014.708333,290.7633333,210.7916667,3.458333333,0.083333333,1
10/10/2015,60.45833333,1017,287.6466667,214.7916667,2.625,0.09375,1
10/11/2015,73.08333333,1016.25,285.5625,231.9583333,2.375,0.041666667,1
10/12/2015,71,1010.541667,288.3720833,224.8333333,2.75,0.125,1
10/13/2015,81.16666667,1002.833333,289.5833333,214.0416667,2.625,0.260416667,1
10/14/2015,71.16666667,1005.958333,289.0525,275.4583333,2.958333333,0.177083333,1
10/15/2015,66.29166667,1014.291667,285.6158333,295.75,3.041666667,0.020833333,0
10/16/2015,64.25,1015.125,285.9591667,268.3333333,3.833333333,0.125,1
10/17/2015,63.625,1019.166667,282.40875,286.25,3.416666667,0.083333333,1
10/18/2015,59.04166667,1024.875,277.6366667,304.5,3.458333333,0.21875,1
10/19/2015,66.33333333,1030.041667,277.1041667,296.7916667,2.708333333,0,0
10/20/2015,57.25,1024.125,284.8420833,233.5416667,3.5,0.083333333,1
10/21/2015,56.625,1024.375,289.135,226.2083333,2.416666667,0.333333333,1
10/22/2015,65.33333333,1022.208333,288.8841667,224.875,2.916666667,0.333333333,1
10/23/2015,49.625,1021.833333,287.7470833,245.625,3.833333333,0.75,1
10/24/2015,73.875,1025.958333,280.74875,110.2916667,2.958333333,0.260416667,1
10/25/2015,71.04166667,1019.125,287.26375,238.7083333,3.708333333,0.375,1
10/26/2015,65.58333333,1028.125,282.8133333,116.9583333,3.125,0.458333333,1
10/27/2015,71.875,1032.625,281.3149886,73.75,1.958333333,0.135416667,1
10/28/2015,78.54166667,1024.833333,286.0244415,92.16666667,4.208333333,0.239583333,1
10/29/2015,75.83333333,1003.416667,292.1753827,205.375,5.666666667,0.25,1
10/30/2015,52.79166667,1011.5,285.3775754,274.7916667,4.875,0,0
10/31/2015,63.45833333,1021.791667,280.8711412,203.5416667,2.666666667,0.166666667,1
11/1/2015,69.16666667,1015.916667,285.206493,206.7083333,3.416666667,0.333333333,1
11/2/2015,69.29166667,1017.708333,286.2477574,270.75,2.083333333,0.041666667,1
11/3/2015,63.58333333,1021.666667,285.8900716,199.2083333,1.625,0,0
11/4/2015,60.875,1026.708333,287.1626592,152.875,1.791666667,0,0
11/5/2015,88.16666667,1025.833333,288.3234915,185.375,1.458333333,0.177083333,1
11/6/2015,84.04166667,1017.375,292.8122591,207.25,3.25,0.1875,1
11/7/2015,56.91666667,1015.458333,290.604578,280.2916667,3.291666667,0.3125,1
11/8/2015,45.75,1025.291667,283.9166841,283.2916667,3.291666667,0.03125,0
11/9/2015,69.91666667,1030.708333,280.8319077,203.0416667,1.25,0.010416667,0
11/10/2015,74.16666667,1021.708333,285.0776534,62.5,3.25,0.34375,1
11/11/2015,84.08333333,1010.041667,284.8472812,233.7083333,5,0.395833333,1
11/12/2015,81.33333333,1011.416667,285.4551852,131.3333333,2.416666667,0.3125,1
11/13/2015,55.33333333,1003.916667,285.9348528,255.2083333,7.458333333,0.052083333,1
11/14/2015,41.125,1014.833333,281.1381983,279.4583333,6.708333333,0.125,1
11/15/2015,53.29166667,1025.041667,279.9392575,254.9583333,3.958333333,0,0
11/16/2015,48.5,1023.416667,284.8478161,217.5,2.916666667,0,0
11/17/2015,55.83333333,1031.375,281.0924313,75.45833333,3.541666667,0,0
11/18/2015,67.16666667,1033.625,280.8096972,128.9166667,2.583333333,0.114583333,0
11/19/2015,82.125,1024.208333,288.0405577,137.8333333,4.208333333,0.25,1
11/20/2015,62.75,1017.666667,286.9156847,276.1666667,4.5,0.166666667,1
11/21/2015,51.70833333,1023.958333,278.9172897,154.9583333,3.541666667,0.010416667,0
11/22/2015,66.25,1014.291667,282.2297261,223.9166667,3.708333333,0.208333333,1
11/23/2015,45.625,1016.791667,277.4274673,325.6666667,6.333333333,0.041666667,0
11/24/2015,55.29166667,1026.5,274.4763328,265.125,2.875,0,0
11/25/2015,53.66666667,1038.208333,276.9043344,126.9166667,1.958333333,0,0
11/26/2015,73.83333333,1041.958333,279.2940922,96.45833333,1.916666667,0.083333333,1
11/27/2015,81.91666667,1034.541667,283.271026,225.5,2.5,0.208333333,1
11/28/2015,74.375,1022.75,285.066044,212.7083333,2.583333333,0.145833333,1
11/29/2015,70.41666667,1023.833333,279.0265672,75.91666667,3.416666667,0.21875,1
11/30/2015,67.16666667,1029.583333,276.2027918,25.79166667,4.833333333,0.125,1
12/1/2015,84.66666667,1024.208333,279.9300614,77.875,2.458333333,0.364583333,1
12/2/2015,92.91666667,1013.375,281.8710114,108,1.791666667,0.479166667,1
12/3/2015,71.08333333,1010.333333,282.6678849,271.125,5,0.270833333,1
12/4/2015,60.625,1027.5,280.3292137,252.5833333,3.666666667,0.041666667,1
12/5/2015,69,1037.833333,277.9053591,184.5,1.875,0,0
12/6/2015,76.58333333,1034.333333,277.2380066,230.5416667,1.958333333,0,0
12/7/2015,68.83333333,1022.583333,278.5235176,227.4583333,2,0,0
12/8/2015,75.45833333,1019.75,279.103518,86.125,3.625,0.083333333,0
12/9/2015,77.66666667,1019.75,277.9402521,156.2916667,1.458333333,0.041666667,0
12/10/2015,74.54166667,1015.541667,284.2023807,201.2083333,2,0.114583333,1
12/11/2015,77.75,1014.083333,282.5064997,200.3333333,2.166666667,0.010416667,0
12/12/2015,72.20833333,1019.208333,285.1422081,194.9583333,1.791666667,0.020833333,0
12/13/2015,74.33333333,1020.583333,286.631839,183.4583333,1.333333333,0.1875,1
12/14/2015,82.45833333,1015.083333,285.9399154,84.83333333,2.125,0.3125,1
12/15/2015,68.25,1000.75,288.6232063,252.75,6.041666667,0.34375,1
12/16/2015,60.08333333,1016.625,282.6825982,218.375,4.666666667,0.114583333,1
12/17/2015,85.875,1015.375,283.8303416,120,1.708333333,0.239583333,1
12/18/2015,75.375,1006.416667,282.6661491,254.3333333,3.666666667,0.21875,1
12/19/2015,48.54166667,1015.791667,275.735648,275.75,7.083333333,0.010416667,0
12/20/2015,44.16666667,1029.791667,276.1261322,261.9166667,4.125,0.020833333,0
12/21/2015,59.58333333,1026.916667,278.1071819,217.0416667,3.041666667,0.125,1
12/22/2015,76.41666667,1017.208333,284.8852901,202.3333333,2.625,0.416666667,1
12/23/2015,92.66666667,1019.875,284.2498013,116.0833333,1.791666667,0.385416667,1
12/24/2015,83.41666667,1013.5,290.6123314,171.625,3.583333333,0.447916667,1
12/25/2015,87.75,1020.833333,287.0258741,207.7916667,1.291666667,0.125,1
12/26/2015,65.625,1028.458333,284.6407416,94.58333333,3.166666667,0.385416667,1
12/27/2015,85,1018.458333,283.769449,172.3333333,3.208333333,0.34375,1
12/28/2015,60.08333333,1025.291667,278.963545,206.75,4.5,0.375,1
12/29/2015,85.29166667,1022.708333,276.2624281,108.4166667,5.083333333,0.354166667,1
12/30/2015,88.91666667,1023.458333,277.66385,92.45833333,1.666666667,0.354166667,1
12/31/2015,82.70833333,1018.708333,280.3005915,248.5416667,2.75,0.427083333,1
